TaxID	GramStain	OxygenRequirement
195	Negative	Microaerophilic
196	Negative	Microaerophilic
210	Negative	Microaerophilic
294	Negative	Aerobic
294	Negative	Aerobic
294	Negative	Aerobic
294	Negative	Aerobic
294	Negative	Aerobic
294	Negative	Aerobic
294	Negative	Aerobic
470	Negative	Aerobic
470	Negative	Aerobic
470	Negative	Aerobic
615	Negative	Facultative
648	Positive	Facultative
837	Negative	Anaerobic
837	Negative	Anaerobic
1280	Positive	Facultative
1280	Positive	Facultative
1280	Positive	Facultative
1280	Positive	Facultative
1280	Positive	Facultative
1280	Positive	Facultative
1282	Positive	Facultative
1283	Positive	Facultative
1302	Positive	Anaerobic
1303	Positive	Facultative
1303	Positive	Facultative
1311	Positive	Facultative
1338	Positive	Aerobic
1363	Positive	Facultative
1491	Positive	Anaerobic
1496	Positive	Anaerobic
1513	Positive	Anaerobic
1580	Positive	Facultative
1590	Positive	Facultative
1639	Positive	Facultative
1639	Positive	Facultative
1639	Positive	Facultative
1683	Positive	Anaerobic
1747	Positive	Anaerobic
1747	Positive	Anaerobic
1773	Positive	Aerobic
1773	Positive	Aerobic
1773	Positive	Aerobic
1773	Positive	Aerobic
1773	Positive	Aerobic
1773	Positive	Aerobic
1773	Positive	Aerobic
1773	Positive	Aerobic
1773	Positive	Aerobic
1773	Positive	Aerobic
1773	Positive	Aerobic
1773	Positive	Aerobic
1773	Positive	Aerobic
1773	Positive	Aerobic
1773	Positive	Aerobic
1773	Positive	Aerobic
1773	Positive	Aerobic
1773	Positive	Aerobic
1773	Positive	Aerobic
1773	Positive	Aerobic
1773	Positive	Aerobic
1773	Positive	Aerobic
1773	Positive	Aerobic
1773	Positive	Aerobic
1773	Positive	Aerobic
1773	Positive	Aerobic
1773	Positive	Aerobic
1773	Positive	Aerobic
1773	Positive	Aerobic
1773	Positive	Aerobic
1773	Positive	Aerobic
1773	Positive	Aerobic
1773	Positive	Aerobic
28037	Positive	Facultative
28037	Positive	Facultative
28037	Positive	Facultative
28037	Positive	Facultative
28037	Positive	Facultative
28037	Positive	Facultative
28037	Positive	Facultative
28037	Positive	Facultative
28037	Positive	Facultative
28112	Negative	Anaerobic
28450	Negative	Facultative
29489	Negative	Aerobic
33033	Positive	Anaerobic
40041	Positive	Facultative
46170	Positive	Facultative
46170	Positive	Facultative
46170	Positive	Facultative
46170	Positive	Facultative
46170	Positive	Facultative
47466	Negative	Microaerophilic
47715	Positive	Facultative
47715	Positive	Facultative
47715	Positive	Facultative
47715	Positive	Microaerophilic
47715	Positive	Microaerophilic
47715	Positive	Microaerophilic
47715	Positive	Microaerophilic
59201	Negative	Facultative
65058	Positive	Facultative
65058	Positive	Facultative
65058	Positive	Facultative
76856	Negative	Anaerobic
76857	Negative	Anaerobic
76859	Negative	Anaerobic
76859	Negative	Anaerobic
76860	Positive	Facultative
83331	Positive	Aerobic
83332	Positive	Aerobic
85962	Negative	Aerobic
85963	Negative	Aerobic
158879	Positive	Facultative
160490	Positive	Facultative
160491	Positive	Facultative
161899	Positive	Facultative
164513	Positive	Aerobic
170187	Positive	Facultative
170187	Positive	Facultative
176279	Positive	Facultative
177416	Negative	Aerobic
188626	Positive	Aerobic
191218	Positive	Facultative
191610	Positive	Facultative
192222	Negative	Microaerophilic
193567	Positive	Facultative
196164	Positive	Facultative
196620	Positive	Facultative
198214	Negative	Facultative
199310	Negative	Facultative
203275	Negative	Anaerobic
206672	Positive	Anaerobic
208963	Negative	Aerobic
210007	Positive	Facultative
211110	Positive	Facultative
212042	Negative	Aerobic
213810	Positive	Anaerobic
214092	Negative	Facultative
216594	Positive	Aerobic
218496	Positive	Aerobic
220341	Negative	Facultative
220668	Positive	Facultative
224914	Negative	Aerobic
226185	Positive	Facultative
229919	Negative	Anaerobic
242231	Negative	Aerobic
242619	Negative	Anaerobic
243243	Positive	Aerobic
243273	Negative	Facultative
243273	Negative	Facultative
243276	Negative	Anaerobic
247156	Positive	Aerobic
257309	Positive	Aerobic
257311	Negative	Aerobic
257313	Negative	Aerobic
262727	Negative	Facultative
262728	Negative	Facultative
264199	Positive	Anaerobic
265669	Positive	Facultative
267747	Positive	Anaerobic
269801	Positive	Aerobic
272560	Negative	Aerobic
272620	Negative	Facultative
272621	Positive	Facultative
272633	Negative	Facultative
272634	Negative	Facultative
272831	Negative	Aerobic
272944	Negative	Aerobic
272947	Negative	Aerobic
273121	Negative	Microaerophilic
273123	Negative	Facultative
279808	Positive	Facultative
281310	Negative	Facultative
283165	Negative	Aerobic
283166	Negative	Aerobic
286636	Positive	Facultative
290847	Negative	Aerobic
291112	Negative	Facultative
294934	Positive	Facultative
295405	Negative	Anaerobic
306537	Positive	Facultative
321314	Negative	Facultative
324831	Positive	Facultative
326426	Positive	Anaerobic
331112	Negative	Facultative
333849	Positive	Facultative
334390	Positive	Facultative
334413	Positive	Anaerobic
336982	Positive	Aerobic
340101	Negative	Anaerobic
340184	Negative	Facultative
340186	Negative	Facultative
340197	Negative	Facultative
342451	Positive	Aerobic
344609	Negative	Facultative
349747	Negative	Facultative
349965	Negative	Facultative
349968	Negative	Facultative
350702	Negative	Facultative
350703	Negative	Aerobic
351581	Negative	Aerobic
352165	Negative	Anaerobic
355276	Negative	Aerobic
357347	Negative	Aerobic
357544	Negative	Aerobic
359786	Positive	Facultative
359787	Positive	Facultative
360106	Negative	Microaerophilic
360107	Negative	Anaerobic
360115	Negative	Facultative
362663	Negative	Facultative
362948	Positive	Facultative
364106	Negative	Facultative
367459	Positive	Anaerobic
367737	Negative	Aerobic
373665	Negative	Facultative
374927	Negative	Facultative
374928	Negative	Facultative
374930	Negative	Facultative
374931	Negative	Facultative
374932	Negative	Facultative
374933	Negative	Facultative
375063	Negative	Facultative
375432	Negative	Facultative
381754	Negative	Aerobic
386894	Positive	Facultative
388919	Positive	Facultative
391904	Positive	Anaerobic
392021	Negative	Aerobic
393117	Positive	Facultative
393128	Positive	Facultative
393131	Positive	Facultative
398513	Positive	Anaerobic
398513	Positive	Anaerobic
400673	Negative	Aerobic
401472	Positive	Facultative
401650	Positive	Facultative
404217	Negative	Facultative
404218	Negative	Facultative
405416	Negative	Aerobic
405532	Positive	Aerobic
405535	Positive	Aerobic
406556	Positive	Facultative
406557	Positive	Facultative
406558	Positive	Facultative
406559	Positive	Facultative
406560	Positive	Facultative
406561	Positive	Facultative
406562	Positive	Facultative
406563	Positive	Facultative
407148	Negative	Microaerophilic
409438	Negative	Facultative
411459	Positive	Anaerobic
411460	Positive	Anaerobic
411461	Positive	Anaerobic
411462	Positive	Anaerobic
411463	Positive	Anaerobic
411464	Negative	Anaerobic
411465	Positive	Anaerobic
411466	Positive	Facultative
411467	Negative	Anaerobic
411468	Positive	Anaerobic
411469	Positive	Anaerobic
411470	Positive	Anaerobic
411471	Negative	Anaerobic
411472	Positive	Anaerobic
411473	Positive	Anaerobic
411474	Positive	Anaerobic
411476	Negative	Anaerobic
411477	Negative	Anaerobic
411479	Negative	Anaerobic
411481	Positive	Anaerobic
411483	Negative	Anaerobic
411484	Positive	Anaerobic
411485	Negative	Anaerobic
411486	Positive	Anaerobic
411489	Positive	Anaerobic
411901	Negative	Anaerobic
411902	Positive	Anaerobic
411903	Positive	Anaerobic
412418	Negative	Aerobic
417398	Negative	Facultative
418136	Negative	Aerobic
419947	Positive	Aerobic
423212	Negative	Aerobic
428125	Positive	Anaerobic
428126	Positive	Anaerobic
428127	Positive	Anaerobic
428128	Positive	Anaerobic
430556	Negative	Aerobic
431946	Negative	Facultative
431947	Negative	Anaerobic
434924	Negative	Facultative
435832	Negative	Aerobic
435837	Positive	Facultative
435838	Positive	Facultative
435842	Positive	Facultative
440496	Positive	Facultative
440497	Positive	Facultative
440534	Negative	Facultative
441158	Negative	Aerobic
443150	Positive	Aerobic
445226	Negative	Aerobic
445336	Positive	Anaerobic
445970	Negative	Anaerobic
445971	Positive	Anaerobic
445972	Positive	Anaerobic
445973	Positive	Anaerobic
445974	Positive	Anaerobic
445975	Positive	Anaerobic
449673	Negative	Anaerobic
450394	Positive	Facultative
450749	Negative	Anaerobic
451640	Positive	Anaerobic
455227	Positive	Facultative
455631	Positive	Anaerobic
456482	Negative	Facultative
457387	Negative	Anaerobic
457388	Negative	Anaerobic
457391	Negative	Anaerobic
457392	Negative	Anaerobic
457394	Negative	Anaerobic
457395	Negative	Anaerobic
457396	Positive	Anaerobic
457398	Negative	Anaerobic
457400	Negative	Facultative
457401	Negative	Facultative
457403	Negative	Anaerobic
457405	Negative	Anaerobic
457412	Positive	Anaerobic
457416	Negative	Anaerobic
457424	Negative	Anaerobic
469378	Positive	Anaerobic
469586	Negative	Anaerobic
469587	Negative	Anaerobic
469588	Negative	Anaerobic
469589	Negative	Anaerobic
469590	Negative	Anaerobic
469592	Negative	Facultative
469594	Positive	Anaerobic
469595	Negative	Facultative
469596	Positive	Anaerobic
469598	Negative	Facultative
469599	Negative	Anaerobic
469601	Negative	Anaerobic
469602	Negative	Anaerobic
469603	Negative	Anaerobic
469604	Negative	Anaerobic
469605	Negative	Anaerobic
469606	Negative	Anaerobic
469608	Negative	Facultative
469610	Negative	Facultative
469615	Negative	Anaerobic
469616	Negative	Anaerobic
469617	Negative	Anaerobic
469618	Negative	Anaerobic
469621	Negative	Anaerobic
470145	Negative	Anaerobic
470146	Positive	Anaerobic
470735	Negative	Aerobic
471870	Negative	Anaerobic
471871	Positive	Anaerobic
471872	Positive	Facultative
471874	Negative	Facultative
471875	Positive	Anaerobic
471876	Positive	Facultative
471881	Negative	Anaerobic
473819	Positive	Anaerobic
476272	Positive	Anaerobic
478007	Negative	Facultative
478434	Positive	Aerobic
478435	Positive	Aerobic
478547	Negative	Microaerophilic
478749	Positive	Anaerobic
479437	Positive	Anaerobic
479831	Positive	Anaerobic
479832	Positive	Anaerobic
479833	Positive	Anaerobic
479834	Positive	Anaerobic
480119	Negative	Aerobic
482628	Negative	Microaerophilic
483215	Negative	Anaerobic
483216	Negative	Anaerobic
483217	Negative	Anaerobic
483218	Negative	Anaerobic
484018	Negative	Anaerobic
484020	Positive	Anaerobic
487521	Positive	Aerobic
491074	Positive	Facultative
491075	Positive	Facultative
491076	Positive	Facultative
491077	Positive	Facultative
496064	Negative	Anaerobic
496065	Negative	Facultative
496067	Negative	Anaerobic
496068	Negative	Facultative
497962	Positive	Facultative
497963	Positive	Facultative
497973	Negative	Facultative
497974	Negative	Facultative
497975	Negative	Facultative
497976	Negative	Facultative
499171	Negative	Aerobic
499172	Negative	Aerobic
499174	Positive	Anaerobic
499176	Positive	Anaerobic
500632	Positive	Anaerobic
500633	Positive	Anaerobic
500634	Positive	Anaerobic
500635	Negative	Anaerobic
500637	Negative	Facultative
500638	Negative	Facultative
500639	Negative	Facultative
500640	Negative	Anaerobic
509633	Negative	Aerobic
511680	Negative	Anaerobic
512767	Positive	Facultative
512768	Positive	Facultative
512769	Positive	Facultative
513051	Negative	Aerobic
513052	Negative	Aerobic
513053	Negative	Aerobic
515611	Positive	Facultative
515617	Positive	Aerobic
515619	Positive	Anaerobic
515621	Negative	Anaerobic
518603	Positive	Facultative
518634	Positive	Anaerobic
518635	Positive	Anaerobic
518636	Positive	Anaerobic
518637	Positive	Anaerobic
519441	Negative	Microaerophilic
520999	Negative	Facultative
521000	Negative	Facultative
521003	Positive	Anaerobic
521006	Negative	Aerobic
521095	Positive	Anaerobic
521097	Negative	Facultative
525242	Negative	Aerobic
525243	Negative	Aerobic
525245	Positive	Facultative
525246	Positive	Facultative
525254	Positive	Anaerobic
525255	Positive	Anaerobic
525256	Positive	Anaerobic
525257	Negative	Aerobic
525258	Positive	Anaerobic
525259	Positive	Anaerobic
525260	Positive	Anaerobic
525262	Positive	Facultative
525268	Positive	Anaerobic
525271	Positive	Facultative
525279	Positive	Facultative
525280	Positive	Aerobic
525281	Negative	Facultative
525282	Negative	Anaerobic
525283	Negative	Anaerobic
525284	Positive	Anaerobic
525306	Positive	Microaerophilic
525309	Negative	Microaerophilic
525310	Positive	Microaerophilic
525318	Positive	Microaerophilic
525325	Positive	Microaerophilic
525326	Positive	Microaerophilic
525328	Positive	Facultative
525329	Positive	Microaerophilic
525330	Positive	Microaerophilic
525337	Positive	Microaerophilic
525338	Positive	Microaerophilic
525341	Positive	Microaerophilic
525361	Positive	Facultative
525362	Positive	Microaerophilic
525365	Positive	Microaerophilic
525367	Positive	Aerobic
525368	Positive	Aerobic
525369	Negative	Facultative
525371	Negative	Aerobic
525372	Negative	Aerobic
525373	Negative	Aerobic
525374	Positive	Facultative
525375	Positive	Facultative
525376	Positive	Facultative
525377	Positive	Facultative
525378	Positive	Facultative
525381	Positive	Facultative
525897	Negative	Anaerobic
525919	Positive	Anaerobic
526994	Positive	Aerobic
527012	Negative	Facultative
527019	Positive	Aerobic
528355	Negative	Aerobic
528356	Negative	Aerobic
528358	Negative	Aerobic
528359	Negative	Aerobic
528360	Negative	Aerobic
529507	Negative	Aerobic
529885	Positive	Facultative
535205	Positive	Facultative
535206	Positive	Facultative
536230	Negative	Aerobic
536231	Positive	Anaerobic
536232	Positive	Anaerobic
537006	Negative	Anaerobic
537007	Positive	Anaerobic
537011	Negative	Anaerobic
537012	Negative	Anaerobic
537013	Positive	Anaerobic
537937	Positive	Anaerobic
537970	Negative	Aerobic
537970	Negative	Aerobic
537971	Negative	Microaerophilic
537972	Negative	Microaerophilic
537973	Positive	Facultative
543538	Positive	Aerobic
543539	Positive	Aerobic
543540	Positive	Aerobic
543737	Negative	Aerobic
544875	Positive	Facultative
545696	Positive	Anaerobic
545697	Positive	Anaerobic
545774	Positive	Facultative
546262	Negative	Aerobic
546263	Negative	Aerobic
546264	Negative	Aerobic
546265	Negative	Aerobic
546266	Negative	Aerobic
546267	Negative	Aerobic
546268	Negative	Aerobic
546270	Positive	Facultative
546271	Negative	Anaerobic
546272	Negative	Facultative
546273	Negative	Anaerobic
546274	Negative	Anaerobic
546275	Negative	Anaerobic
546340	Positive	Facultative
547042	Negative	Anaerobic
547043	Positive	Anaerobic
547045	Negative	Aerobic
547468	Positive	Facultative
548470	Positive	Facultative
548474	Positive	Facultative
548475	Positive	Facultative
548476	Positive	Facultative
548476	Positive	Facultative
548477	Positive	Facultative
548478	Positive	Facultative
548479	Positive	Anaerobic
548480	Positive	Anaerobic
548485	Positive	Microaerophilic
550773	Positive	Facultative
553171	Negative	Anaerobic
553178	Negative	Microaerophilic
553184	Positive	Anaerobic
553199	Positive	Anaerobic
553204	Positive	Aerobic
553206	Positive	Anaerobic
553207	Positive	Aerobic
553209	Positive	Facultative
553212	Positive	Facultative
553220	Negative	Anaerobic
553973	Positive	Anaerobic
556258	Negative	Anaerobic
556259	Negative	Anaerobic
556260	Negative	Anaerobic
556261	Positive	Anaerobic
556263	Negative	Anaerobic
556264	Positive	Anaerobic
556266	Negative	Facultative
556267	Negative	Aerobic
556268	Negative	Anaerobic
556269	Negative	Anaerobic
557433	Positive	Facultative
557436	Positive	Facultative
557600	Negative	Aerobic
557601	Negative	Aerobic
557724	Negative	Aerobic
561177	Positive	Anaerobic
561180	Positive	Anaerobic
561304	Positive	Aerobic
561522	Positive	Facultative
562016	Positive	Facultative
562017	Positive	Facultative
562018	Negative	Facultative
562971	Negative	Aerobic
562973	Positive	Anaerobic
562981	Positive	Facultative
562982	Positive	Facultative
562983	Positive	Facultative
563032	Positive	Aerobic
563036	Positive	Facultative
563037	Positive	Facultative
563038	Positive	Facultative
563191	Positive	Anaerobic
563192	Negative	Anaerobic
563194	Positive	Aerobic
565040	Positive	Anaerobic
565042	Positive	Anaerobic
565641	Positive	Facultative
565642	Positive	Facultative
566549	Positive	Aerobic
566552	Positive	Anaerobic
568703	Positive	Facultative
568813	Positive	Facultative
568814	Positive	Facultative
570508	Negative	Microaerophilic
573236	Positive	Anaerobic
573395	Negative	Facultative
574093	Positive	Facultative
574521	Negative	Facultative
575564	Negative	Anaerobic
575565	Negative	Anaerobic
575584	Negative	Aerobic
575588	Negative	Aerobic
575589	Negative	Aerobic
575594	Positive	Facultative
575595	Positive	Microaerophilic
575596	Positive	Facultative
575597	Positive	Facultative
575598	Positive	Microaerophilic
575599	Positive	Facultative
575603	Positive	Facultative
575604	Positive	Microaerophilic
575605	Positive	Facultative
575606	Positive	Facultative
575607	Positive	Microaerophilic
575611	Negative	Anaerobic
575612	Negative	Anaerobic
575614	Negative	Anaerobic
575615	Negative	Anaerobic
585054	Negative	Facultative
585198	Positive	Anaerobic
585199	Positive	Anaerobic
585202	Positive	Facultative
585203	Positive	Facultative
585204	Positive	Facultative
585394	Positive	Anaerobic
585502	Negative	Anaerobic
585503	Positive	Anaerobic
585506	Positive	Aerobic
585517	Positive	Microaerophilic
585520	Positive	Microaerophilic
585524	Positive	Microaerophilic
585529	Positive	Facultative
585530	Positive	Aerobic
585531	Positive	Microaerophilic
585538	Negative	Aerobic
585543	Negative	Anaerobic
585544	Negative	Anaerobic
586220	Positive	Aerobic
591946	Negative	Facultative
592010	Positive	Facultative
592014	Negative	Aerobic
592021	Positive	Facultative
592027	Positive	Anaerobic
592028	Positive	Anaerobic
592031	Positive	Anaerobic
595498	Negative	Aerobic
595501	Positive	Facultative
596309	Positive	Aerobic
596315	Positive	Anaerobic
596317	Positive	Facultative
596318	Negative	Aerobic
596319	Positive	Facultative
596320	Negative	Aerobic
596322	Positive	Facultative
596323	Negative	Anaerobic
596325	Positive	Microaerophilic
596327	Negative	Aerobic
596328	Positive	Anaerobic
596329	Positive	Anaerobic
596330	Positive	Anaerobic
611302	Positive	Aerobic
611303	Positive	Aerobic
613026	Negative	Aerobic
619693	Negative	Anaerobic
620833	Negative	Anaerobic
621372	Positive	Aerobic
626096	Positive	Facultative
626369	Positive	Anaerobic
626522	Negative	Anaerobic
626523	Positive	Anaerobic
629742	Positive	Facultative
630527	Positive	Microaerophilic
634176	Negative	Facultative
634994	Negative	Anaerobic
637909	Positive	Facultative
638300	Negative	Aerobic
638302	Negative	Anaerobic
638315	Negative	Aerobic
640132	Positive	Aerobic
641144	Positive	Anaerobic
641147	Negative	Aerobic
641149	Negative	Aerobic
645127	Positive	Facultative
645462	Positive	Anaerobic
645463	Positive	Anaerobic
645464	Negative	Microaerophilic
645512	Negative	Anaerobic
645663	Positive	Facultative
649724	Positive	Anaerobic
649742	Positive	Facultative
649743	Positive	Facultative
649747	Positive	Aerobic
649754	Positive	Anaerobic
649755	Positive	Anaerobic
649757	Positive	Anaerobic
649760	Negative	Anaerobic
649764	Positive	Anaerobic
651822	Negative	Anaerobic
655811	Positive	Anaerobic
655812	Positive	Microaerophilic
655813	Positive	Facultative
656393	Negative	Facultative
656408	Negative	Facultative
656414	Negative	Facultative
656913	Negative	Facultative
657308	Positive	Anaerobic
657309	Negative	Anaerobic
657313	Positive	Anaerobic
657314	Positive	Anaerobic
657315	Positive	Anaerobic
657317	Positive	Anaerobic
657318	Positive	Anaerobic
657319	Positive	Anaerobic
657323	Positive	Anaerobic
657324	Positive	Anaerobic
658662	Negative	Anaerobic
658664	Negative	Aerobic
658665	Positive	Anaerobic
663886	Positive	Aerobic
663887	Positive	Aerobic
665937	Positive	Anaerobic
665950	Negative	Facultative
665951	Negative	Facultative
665954	Negative	Anaerobic
667121	Negative	Facultative
667129	Negative	Facultative
670890	Negative	Facultative
670893	Negative	Facultative
670896	Negative	Facultative
670898	Negative	Facultative
670904	Negative	Facultative
670905	Negative	Facultative
675806	Negative	Facultative
675807	Negative	Facultative
675808	Negative	Facultative
679188	Positive	Microaerophilic
679189	Negative	Anaerobic
679190	Negative	Anaerobic
679191	Negative	Anaerobic
679192	Positive	Anaerobic
679194	Positive	Anaerobic
679195	Positive	Anaerobic
679196	Positive	Microaerophilic
679202	Negative	Facultative
679204	Negative	Facultative
679205	Negative	Facultative
679206	Negative	Facultative
679207	Negative	Facultative
679935	Negative	Anaerobic
686659	Positive	Anaerobic
686660	Negative	Anaerobic
687916	Negative	Facultative
688246	Negative	Anaerobic
691159	Positive	Anaerobic
691160	Positive	Anaerobic
693750	Negative	Aerobic
698737	Positive	Aerobic
698950	Positive	Facultative
698951	Positive	Facultative
698952	Positive	Facultative
698953	Positive	Facultative
698954	Positive	Facultative
698955	Negative	Facultative
698956	Positive	Facultative
698957	Positive	Facultative
698958	Positive	Facultative
698959	Positive	Facultative
698960	Positive	Facultative
698961	Positive	Facultative
699034	Positive	Anaerobic
699035	Positive	Anaerobic
699036	Positive	Anaerobic
699037	Positive	Anaerobic
699185	Positive	Facultative
699186	Positive	Facultative
699187	Negative	Anaerobic
701177	Negative	Facultative
702430	Negative	Facultative
702431	Negative	Facultative
702432	Negative	Facultative
702433	Negative	Facultative
702435	Negative	Facultative
702436	Negative	Facultative
702439	Negative	Anaerobic
702443	Negative	Anaerobic
702444	Negative	Anaerobic
702444	Negative	Anaerobic
702447	Negative	Anaerobic
702450	Positive	Anaerobic
702459	Positive	Anaerobic
702982	Negative	Facultative
702983	Negative	Facultative
706437	Positive	Anaerobic
707232	Negative	Aerobic
710686	Positive	Aerobic
712961	Positive	Facultative
713605	Positive	Facultative
714315	Negative	Anaerobic
717608	Negative	Anaerobic
717959	Negative	Anaerobic
717960	Positive	Anaerobic
717961	Positive	Anaerobic
717962	Positive	Anaerobic
718252	Negative	Anaerobic
718254	Negative	Facultative
718255	Positive	Anaerobic
722911	Positive	Anaerobic
741093	Negative	Facultative
742159	Negative	Aerobic
742723	Negative	Facultative
742729	Positive	Anaerobic
742740	Positive	Anaerobic
742741	Positive	Anaerobic
742767	Negative	Facultative
742820	Positive	Anaerobic
742821	Negative	Microaerophilic
748671	Positive	Facultative
749219	Negative	Aerobic
749489	Positive	Facultative
749490	Positive	Facultative
749491	Positive	Facultative
749492	Positive	Facultative
749493	Positive	Facultative
749494	Positive	Facultative
749495	Positive	Facultative
751585	Positive	Anaerobic
752785	Negative	Facultative
752786	Negative	Facultative
752787	Negative	Facultative
752788	Negative	Facultative
754027	Negative	Anaerobic
760570	Positive	Anaerobic
762948	Positive	Aerobic
762963	Positive	Facultative
762966	Negative	Anaerobic
762982	Negative	Anaerobic
762983	Negative	Anaerobic
762984	Negative	Anaerobic
763034	Negative	Anaerobic
764291	Positive	Anaerobic
764299	Positive	Anaerobic
764544	Positive	Facultative
765057	Positive	Anaerobic
765058	Positive	Anaerobic
765061	Positive	Anaerobic
765063	Positive	Anaerobic
765064	Positive	Anaerobic
767031	Negative	Anaerobic
767100	Positive	Anaerobic
768484	Negative	Aerobic
768494	Positive	Facultative
768713	Positive	Anaerobic
791161	Positive	Facultative
791166	Negative	Anaerobic
796392	Negative	Facultative
862515	Negative	Anaerobic
862517	Positive	Anaerobic
864563	Positive	Anaerobic
864565	Positive	Anaerobic
864570	Positive	Anaerobic
866771	Negative	Anaerobic
866775	Positive	Anaerobic
871237	Positive	Facultative
873517	Negative	Facultative
873533	Negative	Anaerobic
884204	Negative	Aerobic
944564	Negative	Anaerobic
1005703	Positive	Anaerobic
1016998	Negative	Facultative
1051006	Positive	Anaerobic
1085027	Negative	Aerobic
1086032	Negative	Aerobic
1086033	Negative	Aerobic
1086034	Negative	Aerobic
1086036	Negative	Aerobic
1087469	Positive	Aerobic
1089544	Positive	Aerobic
1091045	Positive	Anaerobic
1111729	Positive	Anaerobic
1115997	Negative	Facultative
1115998	Negative	Facultative
1116001	Negative	Facultative
1116002	Negative	Facultative
1116004	Negative	Facultative
1116005	Negative	Facultative
1116006	Negative	Facultative
1116007	Negative	Facultative
1116008	Negative	Facultative
1116009	Negative	Facultative
1116010	Negative	Facultative
1116011	Negative	Facultative
1116012	Negative	Facultative
1116013	Negative	Facultative
1116014	Negative	Facultative
1116015	Negative	Facultative
1116016	Negative	Facultative
1116017	Negative	Facultative
1116018	Negative	Facultative
1116019	Negative	Facultative
1116020	Negative	Facultative
1116021	Negative	Facultative
1116022	Negative	Facultative
1116023	Negative	Facultative
1116024	Negative	Facultative
1116025	Negative	Facultative
1116026	Negative	Facultative
1116027	Negative	Facultative
1116028	Negative	Facultative
1116029	Negative	Facultative
1116030	Negative	Facultative
1116031	Negative	Facultative
1116032	Negative	Facultative
1116033	Negative	Facultative
1116034	Negative	Facultative
1116035	Negative	Facultative
1116036	Negative	Facultative
1116038	Negative	Facultative
1116039	Negative	Facultative
1116040	Negative	Facultative
1116041	Negative	Facultative
1116042	Negative	Facultative
1116043	Negative	Facultative
1116044	Negative	Facultative
1116045	Negative	Facultative
1116046	Negative	Facultative
1116047	Negative	Facultative
1116048	Negative	Facultative
1116049	Negative	Facultative
1116050	Negative	Facultative
1116051	Negative	Facultative
1116052	Negative	Facultative
1116053	Negative	Facultative
1116054	Negative	Facultative
1116055	Negative	Facultative
1116056	Negative	Facultative
1116057	Negative	Facultative
1116058	Negative	Facultative
1116059	Negative	Facultative
1116060	Negative	Facultative
1116061	Negative	Facultative
1116062	Negative	Facultative
1116063	Negative	Facultative
1116064	Negative	Facultative
1116065	Negative	Facultative
1116066	Negative	Facultative
1116067	Negative	Facultative
1116068	Negative	Facultative
1116069	Negative	Facultative
1116070	Negative	Facultative
1116071	Negative	Facultative
1116072	Negative	Facultative
1116073	Negative	Facultative
1116074	Negative	Facultative
1116075	Negative	Facultative
1116076	Negative	Facultative
1116077	Negative	Facultative
1116078	Negative	Facultative
1116079	Negative	Facultative
1116080	Negative	Facultative
1116081	Negative	Facultative
1116082	Negative	Facultative
1116083	Negative	Facultative
1116084	Negative	Facultative
1116085	Negative	Facultative
1116086	Negative	Facultative
1116087	Negative	Facultative
1116088	Negative	Facultative
1116089	Negative	Facultative
1116090	Negative	Facultative
1116091	Negative	Facultative
1116092	Negative	Facultative
1116093	Negative	Facultative
1116094	Negative	Facultative
1116095	Negative	Facultative
1116096	Negative	Facultative
1116097	Negative	Facultative
1116098	Negative	Facultative
1116099	Negative	Facultative
1116100	Negative	Facultative
1116101	Negative	Facultative
1116102	Negative	Facultative
1116111	Negative	Facultative
1116119	Negative	Facultative
1116120	Negative	Facultative
1116121	Negative	Facultative
1116122	Negative	Facultative
1116123	Negative	Facultative
1116124	Negative	Facultative
1116125	Negative	Facultative
1116126	Negative	Facultative
1116127	Negative	Facultative
1116128	Negative	Facultative
1116129	Negative	Facultative
1116130	Negative	Facultative
1116131	Negative	Facultative
1116132	Negative	Facultative
1116133	Negative	Facultative
1116134	Negative	Facultative
1116135	Negative	Facultative
1116136	Negative	Facultative
1116137	Negative	Facultative
1116138	Negative	Facultative
1116139	Negative	Facultative
1116141	Negative	Facultative
1116142	Negative	Facultative
1116143	Negative	Facultative
1116144	Negative	Facultative
1116145	Negative	Facultative
1116146	Negative	Facultative
1116147	Negative	Facultative
1116148	Negative	Facultative
1116149	Negative	Facultative
1116150	Negative	Facultative
1116151	Negative	Facultative
1116152	Negative	Facultative
1116153	Negative	Facultative
1116154	Negative	Facultative
1116155	Negative	Facultative
1116156	Negative	Facultative
1116157	Negative	Facultative
1116158	Negative	Facultative
1116159	Negative	Facultative
1116160	Negative	Facultative
1116161	Negative	Facultative
1116162	Negative	Facultative
1116163	Negative	Facultative
1116164	Negative	Facultative
1116165	Negative	Facultative
1116166	Negative	Facultative
1116167	Negative	Facultative
1116168	Negative	Facultative
1116169	Negative	Facultative
1116170	Negative	Facultative
1116171	Negative	Facultative
1116172	Negative	Facultative
1116173	Negative	Facultative
1116174	Negative	Facultative
1116175	Negative	Facultative
1116176	Negative	Facultative
1116177	Negative	Facultative
1116178	Negative	Facultative
1116179	Negative	Facultative
1116180	Negative	Facultative
1116181	Negative	Facultative
1116182	Negative	Facultative
1116183	Negative	Facultative
1116184	Negative	Facultative
1116185	Negative	Facultative
1116186	Negative	Facultative
1116187	Negative	Facultative
1116188	Negative	Facultative
1116189	Negative	Facultative
1116190	Negative	Facultative
1116191	Negative	Facultative
1116192	Negative	Facultative
1116193	Negative	Facultative
1116194	Negative	Facultative
1120932	Positive	Facultative
1120933	Positive	Facultative
1120941	Positive	Anaerobic
1120942	Positive	Facultative
1120943	Positive	Anaerobic
1120945	Positive	Facultative
1120957	Negative	Facultative
1121098	Negative	Anaerobic
1121102	Negative	Anaerobic
1121115	Positive	Anaerobic
1121268	Negative	Microaerophilic
1121360	Positive	Facultative
1121485	Negative	Facultative
1121947	Positive	Facultative
1122174	Negative	Facultative
1122921	Positive	Facultative
1122925	Positive	Facultative
1122975	Negative	Anaerobic
1122979	Negative	Anaerobic
1122986	Negative	Anaerobic
1122987	Negative	Anaerobic
1125634	Negative	Facultative
1125635	Negative	Facultative
1125636	Negative	Facultative
1125638	Negative	Facultative
1125639	Negative	Facultative
1125640	Negative	Facultative
1125641	Negative	Facultative
1125642	Negative	Facultative
1125643	Negative	Facultative
1125644	Negative	Facultative
1125645	Negative	Facultative
1125646	Negative	Facultative
1125647	Negative	Facultative
1125648	Negative	Facultative
1125649	Negative	Facultative
1125650	Negative	Facultative
1125651	Negative	Facultative
1144271	Positive	Facultative
1146882	Negative	Facultative
1148757	Negative	Aerobic
1156431	Positive	Facultative
1156433	Positive	Facultative
1162296	Negative	Facultative
1167007	Negative	Facultative
1167008	Negative	Facultative
1167009	Negative	Facultative
1167010	Negative	Facultative
1168290	Positive	Anaerobic
1169408	Positive	Facultative
1169862	Negative	Facultative
1172204	Positive	Anaerobic
1177117	Negative	Aerobic
1187851	Negative	Facultative
1191475	Negative	Facultative
1199191	Negative	Aerobic
1201292	Positive	Facultative
1211117	Positive	Facultative
1212545	Positive	Aerobic
1215062	Positive	Anaerobic
1215064	Positive	Anaerobic
1215065	Positive	Anaerobic
1215066	Positive	Anaerobic
1215067	Positive	Anaerobic
1215068	Positive	Anaerobic
1215069	Positive	Anaerobic
1215070	Positive	Anaerobic
1215071	Positive	Anaerobic
1215072	Positive	Anaerobic
1215073	Positive	Anaerobic
1215074	Positive	Anaerobic
1215075	Positive	Anaerobic
1215076	Positive	Anaerobic
1215077	Positive	Anaerobic
1215078	Positive	Anaerobic
1215079	Positive	Anaerobic
1215080	Positive	Anaerobic
1215081	Positive	Anaerobic
1215082	Positive	Anaerobic
1215083	Positive	Anaerobic
1215084	Positive	Anaerobic
1215085	Positive	Anaerobic
1225722	Positive	Anaerobic
1226115	Negative	Facultative
1229781	Positive	Aerobic
1234597	Negative	Aerobic
1236608	Negative	Aerobic
1239989	Negative	Anaerobic
1242965	Negative	Microaerophilic
1245476	Positive	Aerobic
1247733	Positive	Microaerophilic
1247734	Positive	Microaerophilic
1247737	Positive	Microaerophilic
1247742	Positive	Microaerophilic
1248403	Positive	Microaerophilic
1248902	Negative	Facultative
1248915	Negative	Facultative
1262136	Negative	Facultative
1263871	Negative	Aerobic
1266716	Positive	Anaerobic
1267000	Negative	Aerobic
1267754	Positive	Aerobic
1268237	Negative	Facultative
1273538	Positive	Aerobic
1279010	Negative	Facultative
1279011	Positive	Aerobic
1279012	Positive	Facultative
1279013	Negative	Aerobic
1279040	Negative	Facultative
1285585	Negative	Anaerobic
1288968	Positive	Anaerobic
1292035	Positive	Anaerobic
1292036	Positive	Anaerobic
1300223	Positive	Facultative
1302646	Positive	Facultative
1302647	Positive	Facultative
1307427	Negative	Anaerobic
1307428	Negative	Anaerobic
1315976	Negative	Anaerobic
1315978	Negative	Aerobic
1322347	Positive	Anaerobic
1330525	Positive	Microaerophilic
1334627	Positive	Microaerophilic
1337887	Negative	Aerobic
1343064	Positive	Facultative
1347790	Negative	Anaerobic
1348563	Negative	Aerobic
1349822	Negative	Anaerobic
1350465	Negative	Aerobic
1350471	Positive	Anaerobic
1350472	Positive	Anaerobic
1350473	Positive	Anaerobic
1352355	Negative	Facultative
1352932	Negative	Aerobic
1352933	Negative	Aerobic
1354301	Positive	Anaerobic
1355100	Negative	Facultative
1355368	Negative	Microaerophilic
1357994	Negative	Microaerophilic
1370107	Negative	Facultative
1380767	Negative	Microaerophilic
1380768	Negative	Microaerophilic
1383068	Negative	Microaerophilic
1385930	Negative	Aerobic
1387986	Positive	Anaerobic
1387987	Positive	Anaerobic
1387988	Positive	Anaerobic
1387989	Positive	Anaerobic
1387990	Positive	Anaerobic
1387991	Positive	Anaerobic
1387992	Positive	Anaerobic
1387993	Positive	Anaerobic
1387994	Positive	Anaerobic
1387995	Positive	Anaerobic
1387996	Positive	Anaerobic
1387997	Positive	Anaerobic
1387998	Positive	Anaerobic
1387999	Positive	Anaerobic
1388000	Positive	Anaerobic
1388001	Positive	Anaerobic
1388002	Positive	Anaerobic
1388003	Positive	Anaerobic
1388004	Positive	Anaerobic
1388005	Positive	Anaerobic
1388006	Positive	Anaerobic
1388007	Positive	Anaerobic
1388008	Positive	Anaerobic
1388009	Positive	Anaerobic
1388010	Positive	Anaerobic
1388011	Positive	Anaerobic
1388012	Positive	Anaerobic
1388013	Positive	Anaerobic
1388014	Positive	Anaerobic
1388015	Positive	Anaerobic
1388016	Positive	Anaerobic
1388017	Positive	Anaerobic
1388018	Positive	Anaerobic
1388019	Positive	Anaerobic
1388020	Positive	Anaerobic
1388021	Positive	Anaerobic
1388022	Positive	Anaerobic
1388023	Positive	Anaerobic
1388024	Positive	Anaerobic
1388025	Positive	Anaerobic
1388026	Positive	Anaerobic
1388027	Positive	Anaerobic
1388028	Positive	Anaerobic
1388029	Positive	Anaerobic
1388030	Positive	Anaerobic
1388031	Positive	Anaerobic
1388032	Positive	Anaerobic
1388033	Positive	Anaerobic
1388034	Positive	Anaerobic
1388035	Positive	Anaerobic
1388036	Positive	Anaerobic
1388037	Positive	Anaerobic
1388038	Positive	Anaerobic
1388039	Positive	Anaerobic
1388040	Positive	Anaerobic
1388041	Positive	Anaerobic
1388042	Positive	Anaerobic
1388043	Positive	Anaerobic
1388044	Positive	Anaerobic
1388045	Positive	Anaerobic
1388046	Positive	Anaerobic
1388048	Positive	Anaerobic
1388049	Positive	Anaerobic
1388050	Positive	Anaerobic
1388051	Positive	Anaerobic
1388052	Positive	Anaerobic
1388053	Positive	Anaerobic
1388054	Positive	Anaerobic
1388055	Positive	Anaerobic
1388056	Positive	Anaerobic
1388057	Positive	Anaerobic
1388058	Positive	Anaerobic
1388059	Positive	Anaerobic
1388060	Positive	Anaerobic
1388061	Positive	Anaerobic
1388062	Positive	Anaerobic
1388063	Positive	Anaerobic
1388064	Positive	Anaerobic
1388065	Positive	Anaerobic
1388066	Positive	Anaerobic
1388067	Positive	Anaerobic
1388068	Positive	Anaerobic
1388069	Positive	Anaerobic
1388070	Positive	Anaerobic
1388071	Positive	Anaerobic
1388072	Positive	Anaerobic
1388073	Positive	Anaerobic
1388074	Positive	Anaerobic
1388075	Positive	Anaerobic
1388076	Positive	Anaerobic
1388077	Positive	Anaerobic
1388078	Positive	Anaerobic
1388079	Positive	Anaerobic
1388080	Positive	Anaerobic
1388081	Positive	Anaerobic
1388082	Positive	Anaerobic
1388083	Positive	Anaerobic
1388084	Positive	Anaerobic
1388085	Positive	Anaerobic
1388086	Positive	Anaerobic
1388087	Positive	Anaerobic
1388088	Positive	Anaerobic
1388089	Positive	Anaerobic
1388090	Positive	Anaerobic
1388091	Positive	Anaerobic
1388092	Positive	Anaerobic
1388093	Positive	Anaerobic
1388094	Positive	Anaerobic
1388095	Positive	Anaerobic
1388096	Positive	Anaerobic
1388097	Positive	Anaerobic
1388098	Positive	Anaerobic
1388099	Positive	Anaerobic
1388100	Positive	Anaerobic
1388101	Positive	Anaerobic
1388102	Positive	Anaerobic
1388103	Positive	Anaerobic
1388104	Positive	Anaerobic
1388105	Positive	Anaerobic
1388106	Positive	Anaerobic
1388107	Positive	Anaerobic
1388108	Positive	Anaerobic
1388109	Positive	Anaerobic
1388110	Positive	Anaerobic
1388111	Positive	Anaerobic
1388112	Positive	Anaerobic
1388113	Positive	Anaerobic
1388114	Positive	Anaerobic
1388115	Positive	Anaerobic
1388116	Positive	Anaerobic
1388117	Positive	Anaerobic
1388118	Positive	Anaerobic
1388119	Positive	Anaerobic
1388120	Positive	Anaerobic
1388121	Positive	Anaerobic
1388122	Positive	Anaerobic
1388123	Positive	Anaerobic
1388124	Positive	Anaerobic
1388125	Positive	Anaerobic
1388126	Positive	Anaerobic
1388127	Positive	Anaerobic
1388128	Positive	Anaerobic
1388129	Positive	Anaerobic
1388130	Positive	Anaerobic
1388131	Positive	Anaerobic
1388132	Positive	Anaerobic
1388133	Positive	Anaerobic
1388134	Positive	Anaerobic
1388135	Positive	Anaerobic
1388136	Positive	Anaerobic
1388137	Positive	Anaerobic
1388138	Positive	Anaerobic
1388139	Positive	Anaerobic
1388140	Positive	Anaerobic
1388141	Positive	Anaerobic
1388142	Positive	Anaerobic
1388143	Positive	Anaerobic
1388144	Positive	Anaerobic
1388145	Positive	Anaerobic
1388146	Positive	Anaerobic
1388147	Positive	Anaerobic
1388148	Positive	Anaerobic
1388149	Positive	Anaerobic
1388150	Positive	Anaerobic
1388151	Positive	Anaerobic
1388152	Positive	Anaerobic
1388153	Positive	Anaerobic
1388154	Positive	Anaerobic
1388155	Positive	Anaerobic
1388156	Positive	Anaerobic
1388157	Positive	Anaerobic
1388158	Positive	Anaerobic
1388159	Positive	Anaerobic
1388160	Positive	Anaerobic
1388161	Positive	Anaerobic
1388162	Positive	Anaerobic
1388163	Positive	Anaerobic
1388164	Positive	Anaerobic
1388165	Positive	Anaerobic
1388166	Positive	Anaerobic
1388167	Positive	Anaerobic
1388168	Positive	Anaerobic
1388169	Positive	Anaerobic
1388170	Positive	Anaerobic
1388171	Positive	Anaerobic
1388172	Positive	Anaerobic
1388173	Positive	Anaerobic
1388174	Positive	Anaerobic
1388175	Positive	Anaerobic
1388176	Positive	Anaerobic
1388177	Positive	Anaerobic
1388178	Positive	Anaerobic
1388179	Positive	Anaerobic
1388180	Positive	Anaerobic
1388181	Positive	Anaerobic
1388182	Positive	Anaerobic
1388183	Positive	Anaerobic
1388184	Positive	Anaerobic
1388185	Positive	Anaerobic
1388186	Positive	Anaerobic
1388187	Positive	Anaerobic
1388188	Positive	Anaerobic
1388189	Positive	Anaerobic
1388190	Positive	Anaerobic
1388191	Positive	Anaerobic
1388192	Positive	Anaerobic
1388193	Positive	Anaerobic
1388194	Positive	Anaerobic
1388195	Positive	Anaerobic
1388196	Positive	Anaerobic
1388197	Positive	Anaerobic
1388198	Positive	Anaerobic
1388199	Positive	Anaerobic
1388200	Positive	Anaerobic
1388201	Positive	Anaerobic
1388202	Positive	Anaerobic
1388203	Positive	Anaerobic
1388204	Positive	Anaerobic
1388205	Positive	Anaerobic
1388206	Positive	Anaerobic
1388207	Positive	Anaerobic
1388208	Positive	Anaerobic
1388209	Positive	Anaerobic
1388210	Positive	Anaerobic
1388211	Positive	Anaerobic
1388212	Positive	Anaerobic
1388213	Positive	Anaerobic
1388214	Positive	Anaerobic
1388215	Positive	Anaerobic
1388216	Positive	Anaerobic
1388217	Positive	Anaerobic
1388218	Positive	Anaerobic
1388219	Positive	Anaerobic
1388220	Positive	Anaerobic
1388221	Positive	Anaerobic
1388222	Positive	Anaerobic
1388223	Positive	Anaerobic
1388224	Positive	Anaerobic
1388225	Positive	Anaerobic
1388226	Positive	Anaerobic
1388227	Positive	Anaerobic
1388228	Positive	Anaerobic
1388229	Positive	Anaerobic
1388230	Positive	Anaerobic
1388231	Positive	Anaerobic
1388232	Positive	Anaerobic
1388233	Positive	Anaerobic
1388234	Positive	Anaerobic
1388235	Positive	Anaerobic
1388236	Positive	Anaerobic
1388237	Positive	Anaerobic
1388238	Positive	Anaerobic
1388239	Positive	Anaerobic
1388240	Positive	Anaerobic
1388241	Positive	Anaerobic
1388242	Positive	Anaerobic
1388243	Positive	Anaerobic
1388244	Positive	Anaerobic
1388245	Positive	Anaerobic
1388246	Positive	Anaerobic
1388247	Positive	Anaerobic
1388248	Positive	Anaerobic
1388249	Positive	Anaerobic
1388250	Positive	Anaerobic
1388251	Positive	Anaerobic
1388252	Positive	Anaerobic
1388253	Positive	Anaerobic
1388254	Positive	Anaerobic
1388255	Positive	Anaerobic
1388256	Positive	Anaerobic
1388257	Positive	Anaerobic
1388258	Positive	Anaerobic
1388259	Positive	Anaerobic
1388260	Positive	Anaerobic
1388261	Positive	Anaerobic
1388262	Positive	Anaerobic
1388263	Positive	Anaerobic
1388264	Positive	Anaerobic
1388265	Positive	Anaerobic
1388266	Positive	Anaerobic
1388267	Positive	Anaerobic
1388268	Positive	Anaerobic
1388269	Positive	Anaerobic
1388270	Positive	Anaerobic
1388271	Positive	Anaerobic
1388272	Positive	Anaerobic
1388273	Positive	Anaerobic
1388274	Positive	Anaerobic
1388275	Positive	Anaerobic
1388276	Positive	Anaerobic
1388277	Positive	Anaerobic
1388278	Positive	Anaerobic
1388279	Positive	Anaerobic
1388280	Positive	Anaerobic
1388281	Positive	Anaerobic
1388282	Positive	Anaerobic
1388283	Positive	Anaerobic
1388284	Positive	Anaerobic
1388285	Positive	Anaerobic
1388286	Positive	Anaerobic
1388287	Positive	Anaerobic
1388288	Positive	Anaerobic
1388289	Positive	Anaerobic
1388290	Positive	Anaerobic
1388291	Positive	Anaerobic
1388292	Positive	Anaerobic
1388293	Positive	Anaerobic
1388294	Positive	Anaerobic
1388295	Positive	Anaerobic
1388296	Positive	Anaerobic
1388297	Positive	Anaerobic
1388298	Positive	Anaerobic
1388299	Positive	Anaerobic
1388300	Positive	Anaerobic
1388301	Positive	Anaerobic
1388302	Positive	Anaerobic
1388303	Positive	Anaerobic
1388304	Positive	Anaerobic
1388305	Positive	Anaerobic
1388306	Positive	Anaerobic
1388307	Positive	Anaerobic
1388308	Positive	Anaerobic
1388309	Positive	Anaerobic
1388310	Positive	Anaerobic
1388311	Positive	Anaerobic
1388312	Positive	Anaerobic
1388313	Positive	Anaerobic
1388314	Positive	Anaerobic
1388315	Positive	Anaerobic
1388316	Positive	Anaerobic
1388317	Positive	Anaerobic
1388318	Positive	Anaerobic
1388319	Positive	Anaerobic
1388320	Positive	Anaerobic
1388321	Positive	Anaerobic
1388322	Positive	Anaerobic
1388323	Positive	Anaerobic
1388324	Positive	Anaerobic
1388325	Positive	Anaerobic
1388326	Positive	Anaerobic
1388327	Positive	Anaerobic
1388328	Positive	Anaerobic
1388329	Positive	Anaerobic
1388330	Positive	Anaerobic
1388331	Positive	Anaerobic
1388332	Positive	Anaerobic
1388333	Positive	Anaerobic
1388334	Positive	Anaerobic
1388335	Positive	Anaerobic
1388336	Positive	Anaerobic
1388337	Positive	Anaerobic
1388338	Positive	Anaerobic
1388339	Positive	Anaerobic
1388340	Positive	Anaerobic
1388341	Positive	Anaerobic
1388342	Positive	Anaerobic
1388343	Positive	Anaerobic
1388344	Positive	Anaerobic
1388345	Positive	Anaerobic
1388346	Positive	Anaerobic
1388347	Positive	Anaerobic
1388348	Positive	Anaerobic
1388349	Positive	Anaerobic
1388350	Positive	Anaerobic
1388351	Positive	Anaerobic
1388352	Positive	Anaerobic
1388353	Positive	Anaerobic
1388354	Positive	Anaerobic
1388355	Positive	Anaerobic
1388356	Positive	Anaerobic
1388357	Positive	Anaerobic
1388358	Positive	Anaerobic
1388359	Positive	Anaerobic
1388360	Positive	Anaerobic
1388361	Positive	Anaerobic
1388362	Positive	Anaerobic
1388363	Positive	Anaerobic
1388364	Positive	Anaerobic
1388365	Positive	Anaerobic
1388366	Positive	Anaerobic
1388367	Positive	Anaerobic
1388368	Positive	Anaerobic
1388369	Positive	Anaerobic
1388370	Positive	Anaerobic
1388371	Positive	Anaerobic
1388372	Positive	Anaerobic
1388373	Positive	Anaerobic
1388374	Positive	Anaerobic
1388375	Positive	Anaerobic
1388376	Positive	Anaerobic
1388377	Positive	Anaerobic
1388378	Positive	Anaerobic
1388379	Positive	Anaerobic
1388380	Positive	Anaerobic
1388381	Positive	Anaerobic
1388382	Positive	Anaerobic
1388383	Positive	Anaerobic
1388384	Positive	Anaerobic
1388385	Positive	Anaerobic
1388386	Positive	Anaerobic
1388387	Positive	Anaerobic
1388388	Positive	Anaerobic
1388389	Positive	Anaerobic
1388390	Positive	Anaerobic
1388391	Positive	Anaerobic
1388392	Positive	Anaerobic
1388393	Positive	Anaerobic
1388394	Positive	Anaerobic
1388395	Positive	Anaerobic
1388396	Positive	Anaerobic
1388398	Positive	Anaerobic
1388399	Positive	Anaerobic
1388400	Positive	Anaerobic
1388401	Positive	Anaerobic
1388402	Positive	Anaerobic
1388403	Positive	Anaerobic
1388404	Positive	Anaerobic
1388405	Positive	Anaerobic
1388406	Positive	Anaerobic
1388407	Positive	Anaerobic
1388408	Positive	Anaerobic
1388409	Positive	Anaerobic
1388410	Positive	Anaerobic
1388411	Positive	Anaerobic
1388412	Positive	Anaerobic
1388413	Positive	Anaerobic
1388414	Positive	Anaerobic
1388415	Positive	Anaerobic
1388416	Positive	Anaerobic
1388417	Positive	Anaerobic
1388418	Positive	Anaerobic
1388419	Positive	Anaerobic
1388420	Positive	Anaerobic
1388421	Positive	Anaerobic
1388422	Positive	Anaerobic
1388423	Positive	Anaerobic
1388424	Positive	Anaerobic
1388425	Positive	Anaerobic
1388426	Positive	Anaerobic
1388427	Positive	Anaerobic
1388428	Positive	Anaerobic
1388429	Positive	Anaerobic
1388430	Positive	Anaerobic
1388431	Positive	Anaerobic
1388432	Positive	Anaerobic
1388433	Positive	Anaerobic
1388434	Positive	Anaerobic
1388435	Positive	Anaerobic
1388436	Positive	Anaerobic
1388437	Positive	Anaerobic
1388438	Positive	Anaerobic
1388439	Positive	Anaerobic
1388440	Positive	Anaerobic
1388441	Positive	Anaerobic
1388442	Positive	Anaerobic
1388443	Positive	Anaerobic
1388444	Positive	Anaerobic
1388445	Positive	Anaerobic
1388446	Positive	Anaerobic
1388447	Positive	Anaerobic
1388448	Positive	Anaerobic
1388449	Positive	Anaerobic
1388450	Positive	Anaerobic
1388451	Positive	Anaerobic
1388452	Positive	Anaerobic
1388453	Positive	Anaerobic
1388454	Positive	Anaerobic
1388455	Positive	Anaerobic
1388456	Positive	Anaerobic
1388457	Positive	Anaerobic
1388458	Positive	Anaerobic
1388459	Positive	Anaerobic
1388460	Positive	Anaerobic
1388461	Positive	Anaerobic
1388462	Positive	Anaerobic
1388463	Positive	Anaerobic
1388464	Positive	Anaerobic
1388465	Positive	Anaerobic
1388466	Positive	Anaerobic
1388467	Positive	Anaerobic
1388468	Positive	Anaerobic
1388469	Positive	Anaerobic
1388470	Positive	Anaerobic
1388471	Positive	Anaerobic
1388472	Positive	Anaerobic
1388473	Positive	Anaerobic
1388474	Positive	Anaerobic
1388475	Positive	Anaerobic
1388476	Positive	Anaerobic
1388477	Positive	Anaerobic
1388478	Positive	Anaerobic
1388479	Positive	Anaerobic
1388480	Positive	Anaerobic
1388481	Positive	Anaerobic
1388482	Positive	Anaerobic
1388483	Positive	Anaerobic
1388484	Positive	Anaerobic
1388485	Positive	Anaerobic
1388486	Positive	Anaerobic
1388487	Positive	Anaerobic
1388488	Positive	Anaerobic
1388489	Positive	Anaerobic
1388490	Positive	Anaerobic
1388491	Positive	Anaerobic
1388492	Positive	Anaerobic
1388493	Positive	Anaerobic
1388494	Positive	Anaerobic
1388495	Positive	Anaerobic
1388496	Positive	Anaerobic
1388497	Positive	Anaerobic
1388498	Positive	Anaerobic
1388499	Positive	Anaerobic
1388500	Positive	Anaerobic
1388501	Positive	Anaerobic
1388502	Positive	Anaerobic
1388503	Positive	Anaerobic
1388504	Positive	Anaerobic
1388505	Positive	Anaerobic
1388506	Positive	Anaerobic
1388507	Positive	Anaerobic
1388508	Positive	Anaerobic
1388509	Positive	Anaerobic
1388510	Positive	Anaerobic
1388511	Positive	Anaerobic
1388512	Positive	Anaerobic
1388513	Positive	Anaerobic
1388514	Positive	Anaerobic
1388515	Positive	Anaerobic
1388516	Positive	Anaerobic
1388517	Positive	Anaerobic
1388518	Positive	Anaerobic
1388520	Positive	Anaerobic
1388521	Positive	Anaerobic
1388522	Positive	Anaerobic
1388523	Positive	Anaerobic
1388524	Positive	Anaerobic
1388525	Positive	Anaerobic
1388526	Positive	Anaerobic
1388527	Positive	Anaerobic
1388528	Positive	Anaerobic
1388529	Positive	Anaerobic
1388530	Positive	Anaerobic
1388531	Positive	Anaerobic
1388532	Positive	Anaerobic
1388533	Positive	Anaerobic
1388534	Positive	Anaerobic
1388535	Positive	Anaerobic
1388536	Positive	Anaerobic
1388537	Positive	Anaerobic
1388538	Positive	Anaerobic
1388539	Positive	Anaerobic
1388540	Positive	Anaerobic
1388541	Positive	Anaerobic
1388542	Positive	Anaerobic
1388543	Positive	Anaerobic
1388544	Positive	Anaerobic
1388545	Positive	Anaerobic
1388546	Positive	Anaerobic
1388547	Positive	Anaerobic
1388548	Positive	Anaerobic
1388549	Positive	Anaerobic
1388550	Positive	Anaerobic
1388551	Positive	Anaerobic
1388552	Positive	Anaerobic
1388553	Positive	Anaerobic
1388554	Positive	Anaerobic
1388555	Positive	Anaerobic
1388556	Positive	Anaerobic
1388557	Positive	Anaerobic
1388558	Positive	Anaerobic
1388559	Positive	Anaerobic
1388560	Positive	Anaerobic
1388561	Positive	Anaerobic
1388562	Positive	Anaerobic
1388563	Positive	Anaerobic
1388564	Positive	Anaerobic
1388565	Positive	Anaerobic
1388566	Positive	Anaerobic
1388567	Positive	Anaerobic
1388568	Positive	Anaerobic
1388569	Positive	Anaerobic
1388570	Positive	Anaerobic
1388571	Positive	Anaerobic
1388573	Positive	Anaerobic
1388574	Positive	Anaerobic
1388575	Positive	Anaerobic
1388576	Positive	Anaerobic
1388577	Positive	Anaerobic
1388578	Positive	Anaerobic
1388579	Positive	Anaerobic
1388580	Positive	Anaerobic
1388581	Positive	Anaerobic
1388582	Positive	Anaerobic
1388583	Positive	Anaerobic
1388584	Positive	Anaerobic
1388585	Positive	Anaerobic
1388586	Positive	Anaerobic
1388587	Positive	Anaerobic
1388588	Positive	Anaerobic
1388589	Positive	Anaerobic
1388590	Positive	Anaerobic
1388591	Positive	Anaerobic
1388592	Positive	Anaerobic
1388593	Positive	Anaerobic
1388594	Positive	Anaerobic
1388595	Positive	Anaerobic
1388596	Positive	Anaerobic
1388597	Positive	Anaerobic
1388598	Positive	Anaerobic
1388599	Positive	Anaerobic
1388600	Positive	Anaerobic
1388601	Positive	Anaerobic
1388602	Positive	Anaerobic
1388603	Positive	Anaerobic
1388604	Positive	Anaerobic
1388605	Positive	Anaerobic
1388606	Positive	Anaerobic
1388607	Positive	Anaerobic
1388608	Positive	Anaerobic
1388609	Positive	Anaerobic
1388610	Positive	Anaerobic
1388611	Positive	Anaerobic
1388612	Positive	Anaerobic
1388613	Positive	Anaerobic
1388614	Positive	Anaerobic
1388615	Positive	Anaerobic
1388616	Positive	Anaerobic
1388617	Positive	Anaerobic
1388618	Positive	Anaerobic
1388619	Positive	Anaerobic
1388620	Positive	Anaerobic
1388621	Positive	Anaerobic
1388622	Positive	Anaerobic
1388623	Positive	Anaerobic
1388624	Positive	Anaerobic
1388625	Positive	Anaerobic
1388626	Positive	Anaerobic
1388627	Positive	Anaerobic
1388628	Positive	Anaerobic
1388629	Positive	Anaerobic
1388630	Positive	Anaerobic
1388631	Positive	Anaerobic
1388632	Positive	Anaerobic
1388633	Positive	Anaerobic
1388634	Positive	Anaerobic
1388635	Positive	Anaerobic
1388636	Positive	Anaerobic
1388637	Positive	Anaerobic
1388638	Positive	Anaerobic
1388639	Positive	Anaerobic
1388640	Positive	Anaerobic
1388641	Positive	Anaerobic
1388642	Positive	Anaerobic
1388643	Positive	Anaerobic
1388644	Positive	Anaerobic
1388645	Positive	Anaerobic
1388646	Positive	Anaerobic
1388647	Positive	Anaerobic
1388648	Positive	Anaerobic
1388649	Positive	Anaerobic
1388650	Positive	Anaerobic
1388651	Positive	Anaerobic
1388652	Positive	Anaerobic
1388653	Positive	Anaerobic
1388654	Positive	Anaerobic
1388655	Positive	Anaerobic
1388656	Positive	Anaerobic
1388657	Positive	Anaerobic
1388658	Positive	Anaerobic
1388659	Positive	Anaerobic
1388660	Positive	Anaerobic
1388661	Positive	Anaerobic
1388662	Positive	Anaerobic
1388663	Positive	Anaerobic
1388664	Positive	Anaerobic
1388665	Positive	Anaerobic
1388666	Positive	Anaerobic
1388667	Positive	Anaerobic
1388668	Positive	Anaerobic
1388669	Positive	Anaerobic
1388670	Positive	Anaerobic
1388671	Positive	Anaerobic
1388672	Positive	Anaerobic
1388673	Positive	Anaerobic
1388674	Positive	Anaerobic
1388675	Positive	Anaerobic
1388676	Positive	Anaerobic
1388677	Positive	Anaerobic
1388678	Positive	Anaerobic
1388679	Positive	Anaerobic
1388680	Positive	Anaerobic
1388681	Positive	Anaerobic
1388682	Positive	Anaerobic
1388683	Positive	Anaerobic
1388684	Positive	Anaerobic
1388685	Positive	Anaerobic
1388686	Positive	Anaerobic
1388687	Positive	Anaerobic
1388688	Positive	Anaerobic
1388689	Positive	Anaerobic
1388690	Positive	Anaerobic
1388691	Positive	Anaerobic
1388692	Positive	Anaerobic
1388693	Positive	Anaerobic
1388694	Positive	Anaerobic
1388695	Positive	Anaerobic
1388696	Positive	Anaerobic
1388697	Positive	Anaerobic
1388698	Positive	Anaerobic
1388699	Positive	Anaerobic
1388700	Positive	Anaerobic
1388701	Positive	Anaerobic
1388702	Positive	Anaerobic
1388703	Positive	Anaerobic
1388704	Positive	Anaerobic
1388705	Positive	Anaerobic
1388706	Positive	Anaerobic
1388707	Positive	Anaerobic
1388708	Positive	Anaerobic
1388709	Positive	Anaerobic
1388710	Positive	Anaerobic
1388711	Positive	Anaerobic
1388712	Positive	Anaerobic
1388713	Positive	Anaerobic
1388714	Positive	Anaerobic
1388716	Positive	Anaerobic
1388717	Positive	Anaerobic
1388718	Positive	Anaerobic
1388719	Positive	Anaerobic
1388720	Positive	Anaerobic
1388721	Positive	Anaerobic
1388722	Positive	Anaerobic
1388723	Positive	Anaerobic
1388725	Positive	Anaerobic
1388726	Positive	Anaerobic
1388727	Positive	Anaerobic
1388728	Positive	Anaerobic
1388729	Positive	Anaerobic
1388730	Positive	Anaerobic
1388731	Positive	Anaerobic
1388732	Positive	Anaerobic
1388733	Positive	Anaerobic
1388734	Positive	Anaerobic
1388735	Positive	Anaerobic
1392008	Positive	Anaerobic
1392009	Positive	Anaerobic
1392010	Positive	Anaerobic
1392011	Positive	Anaerobic
1392012	Positive	Anaerobic
1392013	Positive	Anaerobic
1392014	Positive	Anaerobic
1392015	Positive	Anaerobic
1392016	Positive	Anaerobic
1392017	Positive	Anaerobic
1392018	Positive	Anaerobic
1392019	Positive	Anaerobic
1392020	Positive	Anaerobic
1392021	Positive	Anaerobic
1392022	Positive	Anaerobic
1392023	Positive	Anaerobic
1392024	Positive	Anaerobic
1392025	Positive	Anaerobic
1392026	Positive	Anaerobic
1392027	Positive	Anaerobic
1392028	Positive	Anaerobic
1392029	Positive	Anaerobic
1392030	Positive	Anaerobic
1392031	Positive	Anaerobic
1392032	Positive	Anaerobic
1392033	Positive	Anaerobic
1392034	Positive	Anaerobic
1392035	Positive	Anaerobic
1392036	Positive	Anaerobic
1392037	Positive	Anaerobic
1392038	Positive	Anaerobic
1392039	Positive	Anaerobic
1392040	Positive	Anaerobic
1392041	Positive	Anaerobic
1392042	Positive	Anaerobic
1392043	Positive	Anaerobic
1392044	Positive	Anaerobic
1392045	Positive	Anaerobic
1392046	Positive	Anaerobic
1392047	Positive	Anaerobic
1392048	Positive	Anaerobic
1392049	Positive	Anaerobic
1392050	Positive	Anaerobic
1392051	Positive	Anaerobic
1392052	Positive	Anaerobic
1392053	Positive	Anaerobic
1392054	Positive	Anaerobic
1392055	Positive	Anaerobic
1392056	Positive	Anaerobic
1392057	Positive	Anaerobic
1392058	Positive	Anaerobic
1392059	Positive	Anaerobic
1392060	Positive	Anaerobic
1392061	Positive	Anaerobic
1392062	Positive	Anaerobic
1392063	Positive	Anaerobic
1392064	Positive	Anaerobic
1392065	Positive	Anaerobic
1392066	Positive	Anaerobic
1392067	Positive	Anaerobic
1392068	Positive	Anaerobic
1392069	Positive	Anaerobic
1392070	Positive	Anaerobic
1392071	Positive	Anaerobic
1392072	Positive	Anaerobic
1392073	Positive	Anaerobic
1392074	Positive	Anaerobic
1392075	Positive	Anaerobic
1392076	Positive	Anaerobic
1392077	Positive	Anaerobic
1392078	Positive	Anaerobic
1392079	Positive	Anaerobic
1392080	Positive	Anaerobic
1392081	Positive	Anaerobic
1392082	Positive	Anaerobic
1392083	Positive	Anaerobic
1392084	Positive	Anaerobic
1392085	Positive	Anaerobic
1392086	Positive	Anaerobic
1392087	Positive	Anaerobic
1392088	Positive	Anaerobic
1392089	Positive	Anaerobic
1392090	Positive	Anaerobic
1392091	Positive	Anaerobic
1392092	Positive	Anaerobic
1392093	Positive	Anaerobic
1393701	Positive	Anaerobic
1393702	Positive	Anaerobic
1393703	Positive	Anaerobic
1393704	Positive	Anaerobic
1393705	Positive	Anaerobic
1393706	Positive	Anaerobic
1393707	Positive	Anaerobic
1393708	Positive	Anaerobic
1393709	Positive	Anaerobic
1393710	Positive	Anaerobic
1393711	Positive	Anaerobic
1393712	Positive	Anaerobic
1393713	Positive	Anaerobic
1393714	Positive	Anaerobic
1393715	Positive	Anaerobic
1393716	Positive	Anaerobic
1393717	Positive	Anaerobic
1393718	Positive	Anaerobic
1393719	Positive	Anaerobic
1393720	Positive	Anaerobic
1393721	Positive	Anaerobic
1393722	Positive	Anaerobic
1393723	Positive	Anaerobic
1393724	Positive	Anaerobic
1393725	Positive	Anaerobic
1393726	Positive	Anaerobic
1393727	Positive	Anaerobic
1393728	Positive	Anaerobic
1393729	Positive	Anaerobic
1393730	Positive	Anaerobic
1393731	Positive	Anaerobic
1393732	Positive	Anaerobic
1393733	Positive	Anaerobic
1393734	Positive	Anaerobic
1395574	Negative	Facultative
1395575	Negative	Facultative
1397996	Positive	Anaerobic
1397997	Positive	Anaerobic
1397998	Positive	Anaerobic
1397999	Positive	Anaerobic
1398000	Positive	Anaerobic
1398001	Positive	Anaerobic
1398002	Positive	Anaerobic
1398003	Positive	Anaerobic
1398005	Positive	Anaerobic
1398006	Positive	Anaerobic
1398007	Positive	Anaerobic
1398008	Positive	Anaerobic
1398009	Positive	Anaerobic
1398010	Positive	Anaerobic
1398011	Positive	Anaerobic
1398012	Positive	Anaerobic
1398013	Positive	Anaerobic
1398014	Positive	Anaerobic
1398015	Positive	Anaerobic
1398016	Positive	Anaerobic
1398017	Positive	Anaerobic
1398018	Positive	Anaerobic
1398019	Positive	Anaerobic
1398020	Positive	Anaerobic
1398021	Positive	Anaerobic
1398022	Positive	Anaerobic
1398023	Positive	Anaerobic
1398024	Positive	Anaerobic
1398025	Positive	Anaerobic
1398026	Positive	Anaerobic
1398027	Positive	Anaerobic
1398028	Positive	Anaerobic
1398029	Positive	Anaerobic
1398030	Positive	Anaerobic
1398031	Positive	Anaerobic
1398032	Positive	Anaerobic
1398033	Positive	Anaerobic
1398034	Positive	Anaerobic
1398035	Positive	Anaerobic
1398037	Positive	Anaerobic
1398038	Positive	Anaerobic
1398039	Positive	Anaerobic
1398040	Positive	Anaerobic
1398041	Positive	Anaerobic
1398042	Positive	Anaerobic
1398043	Positive	Anaerobic
1398044	Positive	Anaerobic
1398045	Positive	Anaerobic
1398046	Positive	Anaerobic
1398047	Positive	Anaerobic
1398048	Positive	Anaerobic
1398049	Positive	Anaerobic
1398050	Positive	Anaerobic
1398051	Positive	Anaerobic
1398052	Positive	Anaerobic
1398053	Positive	Anaerobic
1398054	Positive	Anaerobic
1398055	Positive	Anaerobic
1398057	Positive	Anaerobic
1398058	Positive	Anaerobic
1398059	Positive	Anaerobic
1398060	Positive	Anaerobic
1398061	Positive	Anaerobic
1398062	Positive	Anaerobic
1398063	Positive	Anaerobic
1398064	Positive	Anaerobic
1398065	Positive	Anaerobic
1398066	Positive	Anaerobic
1398067	Positive	Anaerobic
1398068	Positive	Anaerobic
1398069	Positive	Anaerobic
1398070	Positive	Anaerobic
1398071	Positive	Anaerobic
1398072	Positive	Anaerobic
1398073	Positive	Anaerobic
1398074	Positive	Anaerobic
1398075	Positive	Anaerobic
1398076	Positive	Anaerobic
1398077	Positive	Anaerobic
1398078	Positive	Anaerobic
1398079	Positive	Anaerobic
1398080	Positive	Anaerobic
1398081	Positive	Anaerobic
1400868	Negative	Aerobic
1402207	Positive	Anaerobic
1402603	Positive	Anaerobic
1402604	Positive	Anaerobic
1402605	Positive	Anaerobic
1402606	Positive	Anaerobic
1402607	Positive	Anaerobic
1402608	Positive	Anaerobic
1402609	Positive	Anaerobic
1402610	Positive	Anaerobic
1402611	Positive	Anaerobic
1402612	Positive	Anaerobic
1402613	Positive	Anaerobic
1402614	Positive	Anaerobic
1402615	Positive	Anaerobic
1402616	Positive	Anaerobic
1402617	Positive	Anaerobic
1402618	Positive	Anaerobic
1402619	Positive	Anaerobic
1402620	Positive	Anaerobic
1402621	Positive	Anaerobic
1402622	Positive	Anaerobic
1402623	Positive	Anaerobic
1402624	Positive	Anaerobic
1402625	Positive	Anaerobic
1402626	Positive	Anaerobic
1402627	Positive	Anaerobic
1402628	Positive	Anaerobic
1402629	Positive	Anaerobic
1402630	Positive	Anaerobic
1402631	Positive	Anaerobic
1402632	Positive	Anaerobic
1402633	Positive	Anaerobic
1402634	Positive	Anaerobic
1402635	Positive	Anaerobic
1402636	Positive	Anaerobic
1402637	Positive	Anaerobic
1402638	Positive	Anaerobic
1402639	Positive	Anaerobic
1402640	Positive	Anaerobic
1402641	Positive	Anaerobic
1402642	Positive	Anaerobic
1402643	Positive	Anaerobic
1402644	Positive	Anaerobic
1402645	Positive	Anaerobic
1402646	Positive	Anaerobic
1402647	Positive	Anaerobic
1402648	Positive	Anaerobic
1402649	Positive	Anaerobic
1402650	Positive	Anaerobic
1402651	Positive	Anaerobic
1402652	Positive	Anaerobic
1402653	Positive	Anaerobic
1402654	Positive	Anaerobic
1402655	Positive	Anaerobic
1402656	Positive	Anaerobic
1402657	Positive	Anaerobic
1402658	Positive	Anaerobic
1402659	Positive	Anaerobic
1402660	Positive	Anaerobic
1402661	Positive	Anaerobic
1402662	Positive	Anaerobic
1402663	Positive	Anaerobic
1402664	Positive	Anaerobic
1402665	Positive	Anaerobic
1402666	Positive	Anaerobic
1402667	Positive	Anaerobic
1402668	Positive	Anaerobic
1402669	Positive	Anaerobic
1402670	Positive	Anaerobic
1402671	Positive	Anaerobic
1402672	Positive	Anaerobic
1402673	Positive	Anaerobic
1402674	Positive	Anaerobic
1402675	Positive	Anaerobic
1402676	Positive	Anaerobic
1402677	Positive	Anaerobic
1402678	Positive	Anaerobic
1402679	Positive	Anaerobic
1402680	Positive	Anaerobic
1402681	Positive	Anaerobic
1402682	Positive	Anaerobic
1402683	Positive	Anaerobic
1402684	Positive	Anaerobic
1402685	Positive	Anaerobic
1402686	Positive	Anaerobic
1402687	Positive	Anaerobic
1402688	Positive	Anaerobic
1402689	Positive	Anaerobic
1402690	Positive	Anaerobic
1402691	Positive	Anaerobic
1402692	Positive	Anaerobic
1402693	Positive	Anaerobic
1402695	Positive	Anaerobic
1402696	Positive	Anaerobic
1402697	Positive	Anaerobic
1402698	Positive	Anaerobic
1402699	Positive	Anaerobic
1402700	Positive	Anaerobic
1402701	Positive	Anaerobic
1402702	Positive	Anaerobic
1402703	Positive	Anaerobic
1402704	Positive	Anaerobic
1402705	Positive	Anaerobic
1402706	Positive	Anaerobic
1402707	Positive	Anaerobic
1402708	Positive	Anaerobic
1402709	Positive	Anaerobic
1402710	Positive	Anaerobic
1402711	Positive	Anaerobic
1402712	Positive	Anaerobic
1402713	Positive	Anaerobic
1402714	Positive	Anaerobic
1402715	Positive	Anaerobic
1402716	Positive	Anaerobic
1402717	Positive	Anaerobic
1402718	Positive	Anaerobic
1402719	Positive	Anaerobic
1402720	Positive	Anaerobic
1402721	Positive	Anaerobic
1402722	Positive	Anaerobic
1402723	Positive	Anaerobic
1402724	Positive	Anaerobic
1402725	Positive	Anaerobic
1402726	Positive	Anaerobic
1402727	Positive	Anaerobic
1402728	Positive	Anaerobic
1402729	Positive	Anaerobic
1402730	Positive	Anaerobic
1402731	Positive	Anaerobic
1402732	Positive	Anaerobic
1402733	Positive	Anaerobic
1402734	Positive	Anaerobic
1402735	Positive	Anaerobic
1402736	Positive	Anaerobic
1402737	Positive	Anaerobic
1402738	Positive	Anaerobic
1402739	Positive	Anaerobic
1402740	Positive	Anaerobic
1402741	Positive	Anaerobic
1402742	Positive	Anaerobic
1402743	Positive	Anaerobic
1402744	Positive	Anaerobic
1402745	Positive	Anaerobic
1402746	Positive	Anaerobic
1402747	Positive	Anaerobic
1402748	Positive	Anaerobic
1402749	Positive	Anaerobic
1402750	Positive	Anaerobic
1402751	Positive	Anaerobic
1402752	Positive	Anaerobic
1402753	Positive	Anaerobic
1402754	Positive	Anaerobic
1402755	Positive	Anaerobic
1402756	Positive	Anaerobic
1402757	Positive	Anaerobic
1402758	Positive	Anaerobic
1402759	Positive	Anaerobic
1402760	Positive	Anaerobic
1402761	Positive	Anaerobic
1402762	Positive	Anaerobic
1402763	Positive	Anaerobic
1402764	Positive	Anaerobic
1402765	Positive	Anaerobic
1402766	Positive	Anaerobic
1402767	Positive	Anaerobic
1402768	Positive	Anaerobic
1402769	Positive	Anaerobic
1402770	Positive	Anaerobic
1402771	Positive	Anaerobic
1402772	Positive	Anaerobic
1402773	Positive	Anaerobic
1402774	Positive	Anaerobic
1402775	Positive	Anaerobic
1402776	Positive	Anaerobic
1402777	Positive	Anaerobic
1402778	Positive	Anaerobic
1402779	Positive	Anaerobic
1402780	Positive	Anaerobic
1402781	Positive	Anaerobic
1402782	Positive	Anaerobic
1402783	Positive	Anaerobic
1402784	Positive	Anaerobic
1402785	Positive	Anaerobic
1402786	Positive	Anaerobic
1402787	Positive	Anaerobic
1402788	Positive	Anaerobic
1402789	Positive	Anaerobic
1402790	Positive	Anaerobic
1402791	Positive	Anaerobic
1402792	Positive	Anaerobic
1402793	Positive	Anaerobic
1402794	Positive	Anaerobic
1402795	Positive	Anaerobic
1402796	Positive	Anaerobic
1402797	Positive	Anaerobic
1402798	Positive	Anaerobic
1402799	Positive	Anaerobic
1402800	Positive	Anaerobic
1402801	Positive	Anaerobic
1402802	Positive	Anaerobic
1402803	Positive	Anaerobic
1402804	Positive	Anaerobic
1402805	Positive	Anaerobic
1402806	Positive	Anaerobic
1402807	Positive	Anaerobic
1402808	Positive	Anaerobic
1402809	Positive	Anaerobic
1402810	Positive	Anaerobic
1402811	Positive	Anaerobic
1402812	Positive	Anaerobic
1402813	Positive	Anaerobic
1402814	Positive	Anaerobic
1403335	Negative	Anaerobic
1403336	Negative	Anaerobic
1403338	Negative	Anaerobic
1403836	Positive	Anaerobic
1403837	Positive	Anaerobic
1403838	Positive	Anaerobic
1403839	Positive	Anaerobic
1403840	Positive	Anaerobic
1403841	Positive	Anaerobic
1403842	Positive	Anaerobic
1403843	Positive	Anaerobic
1403844	Positive	Anaerobic
1403845	Positive	Anaerobic
1403846	Positive	Anaerobic
1403847	Positive	Anaerobic
1403848	Positive	Anaerobic
1403849	Positive	Anaerobic
1403850	Positive	Anaerobic
1403851	Positive	Anaerobic
1403852	Positive	Anaerobic
1403853	Positive	Anaerobic
1403854	Positive	Anaerobic
1403855	Positive	Anaerobic
1403856	Positive	Anaerobic
1403857	Positive	Anaerobic
1403858	Positive	Anaerobic
1403859	Positive	Anaerobic
1403860	Positive	Anaerobic
1403861	Positive	Anaerobic
1403862	Positive	Anaerobic
1403863	Positive	Anaerobic
1403864	Positive	Anaerobic
1403865	Positive	Anaerobic
1403866	Positive	Anaerobic
1403867	Positive	Anaerobic
1403868	Positive	Anaerobic
1403869	Positive	Anaerobic
1403870	Positive	Anaerobic
1403871	Positive	Anaerobic
1403872	Positive	Anaerobic
1403873	Positive	Anaerobic
1403874	Positive	Anaerobic
1403875	Positive	Anaerobic
1403876	Positive	Anaerobic
1403877	Positive	Anaerobic
1403878	Positive	Anaerobic
1403879	Positive	Anaerobic
1403880	Positive	Anaerobic
1403882	Positive	Anaerobic
1403883	Positive	Anaerobic
1403884	Positive	Anaerobic
1403885	Positive	Anaerobic
1403886	Positive	Anaerobic
1403887	Positive	Anaerobic
1403888	Positive	Anaerobic
1403889	Positive	Anaerobic
1403890	Positive	Anaerobic
1403891	Positive	Anaerobic
1403892	Positive	Anaerobic
1403893	Positive	Anaerobic
1403894	Positive	Anaerobic
1403895	Positive	Anaerobic
1403896	Positive	Anaerobic
1403897	Positive	Anaerobic
1403898	Positive	Anaerobic
1403899	Positive	Anaerobic
1403900	Positive	Anaerobic
1403901	Positive	Anaerobic
1403902	Positive	Anaerobic
1403903	Positive	Anaerobic
1403904	Positive	Anaerobic
1403905	Positive	Anaerobic
1403906	Positive	Anaerobic
1403907	Positive	Anaerobic
1403908	Positive	Anaerobic
1403909	Positive	Anaerobic
1403910	Positive	Anaerobic
1403911	Positive	Anaerobic
1403912	Positive	Anaerobic
1403913	Positive	Anaerobic
1403914	Positive	Anaerobic
1403915	Positive	Anaerobic
1403916	Positive	Anaerobic
1403917	Positive	Anaerobic
1403918	Positive	Anaerobic
1403920	Positive	Anaerobic
1403921	Positive	Anaerobic
1403922	Positive	Anaerobic
1403923	Positive	Anaerobic
1403924	Positive	Anaerobic
1403925	Positive	Anaerobic
1403926	Positive	Anaerobic
1403927	Positive	Anaerobic
1403928	Positive	Anaerobic
1403929	Positive	Anaerobic
1403930	Positive	Anaerobic
1403931	Positive	Anaerobic
1408180	Positive	Facultative
1409360	Positive	Anaerobic
1409361	Positive	Anaerobic
1409362	Positive	Anaerobic
1409363	Positive	Anaerobic
1409364	Positive	Facultative
1409365	Positive	Anaerobic
1409366	Positive	Anaerobic
1409367	Positive	Facultative
1409368	Positive	Anaerobic
1409369	Positive	Facultative
1409370	Positive	Facultative
1409371	Positive	Facultative
1409372	Positive	Facultative
1409373	Positive	Anaerobic
1409374	Positive	Anaerobic
1409375	Positive	Facultative
1409376	Positive	Anaerobic
1409377	Positive	Anaerobic
1409378	Positive	Facultative
1409379	Positive	Anaerobic
1409380	Positive	Anaerobic
1409381	Positive	Anaerobic
1409382	Positive	Anaerobic
1409383	Positive	Anaerobic
1409384	Positive	Anaerobic
1409385	Positive	Anaerobic
1409386	Positive	Anaerobic
1409387	Positive	Anaerobic
1409388	Positive	Anaerobic
1409389	Positive	Anaerobic
1409390	Positive	Anaerobic
1409391	Positive	Anaerobic
1409392	Positive	Anaerobic
1409393	Positive	Anaerobic
1409394	Positive	Anaerobic
1409395	Positive	Anaerobic
1409396	Positive	Anaerobic
1409397	Positive	Anaerobic
1409398	Positive	Anaerobic
1409399	Positive	Anaerobic
1409400	Positive	Anaerobic
1409401	Positive	Anaerobic
1409402	Positive	Anaerobic
1409403	Positive	Facultative
1409404	Positive	Anaerobic
1409406	Positive	Anaerobic
1409407	Positive	Anaerobic
1409408	Positive	Anaerobic
1409409	Positive	Anaerobic
1409410	Positive	Anaerobic
1409411	Positive	Anaerobic
1409412	Positive	Anaerobic
1409413	Positive	Anaerobic
1409414	Positive	Anaerobic
1409415	Positive	Anaerobic
1409416	Positive	Facultative
1409417	Positive	Anaerobic
1409418	Positive	Facultative
1409419	Positive	Facultative
1409420	Positive	Facultative
1409421	Positive	Anaerobic
1409422	Positive	Anaerobic
1409423	Positive	Anaerobic
1409424	Positive	Anaerobic
1409425	Positive	Anaerobic
1409426	Positive	Anaerobic
1409427	Positive	Anaerobic
1409428	Positive	Facultative
1409429	Positive	Anaerobic
1409430	Positive	Anaerobic
1409431	Positive	Anaerobic
1409432	Positive	Anaerobic
1409433	Positive	Anaerobic
1409434	Positive	Anaerobic
1409435	Positive	Anaerobic
1409437	Positive	Anaerobic
1409438	Positive	Facultative
1409439	Positive	Facultative
1409440	Positive	Facultative
1409441	Positive	Facultative
1409442	Positive	Facultative
1409443	Positive	Facultative
1409444	Positive	Anaerobic
1409445	Positive	Anaerobic
1409446	Positive	Anaerobic
1409447	Positive	Anaerobic
1409448	Positive	Anaerobic
1409449	Positive	Facultative
1409450	Positive	Facultative
1409451	Positive	Anaerobic
1409452	Positive	Facultative
1409453	Positive	Anaerobic
1409454	Positive	Anaerobic
1409455	Positive	Anaerobic
1409456	Positive	Anaerobic
1409457	Positive	Anaerobic
1409458	Positive	Anaerobic
1409459	Positive	Anaerobic
1409460	Positive	Anaerobic
1409461	Positive	Facultative
1409462	Positive	Facultative
1409463	Positive	Facultative
1409464	Positive	Facultative
1409465	Positive	Facultative
1409466	Positive	Anaerobic
1409467	Positive	Anaerobic
1409468	Positive	Anaerobic
1409469	Positive	Anaerobic
1409470	Positive	Anaerobic
1409471	Positive	Anaerobic
1409472	Positive	Anaerobic
1409473	Positive	Anaerobic
1409474	Positive	Anaerobic
1409475	Positive	Anaerobic
1409476	Positive	Anaerobic
1409477	Positive	Anaerobic
1409478	Positive	Anaerobic
1409479	Positive	Anaerobic
1409480	Positive	Anaerobic
1409481	Positive	Anaerobic
1409482	Positive	Anaerobic
1409483	Positive	Anaerobic
1409484	Positive	Facultative
1409485	Positive	Facultative
1409486	Positive	Facultative
1409487	Positive	Facultative
1409488	Positive	Anaerobic
1409489	Positive	Facultative
1409490	Positive	Anaerobic
1409491	Positive	Anaerobic
1409492	Positive	Facultative
1409493	Positive	Facultative
1409494	Positive	Anaerobic
1409495	Positive	Anaerobic
1409496	Positive	Anaerobic
1409497	Positive	Anaerobic
1409498	Positive	Anaerobic
1409499	Positive	Anaerobic
1409500	Positive	Anaerobic
1409501	Positive	Anaerobic
1409502	Positive	Anaerobic
1409503	Positive	Anaerobic
1409504	Positive	Anaerobic
1409505	Positive	Anaerobic
1409506	Positive	Anaerobic
1409507	Positive	Facultative
1409508	Positive	Anaerobic
1409509	Positive	Anaerobic
1409510	Positive	Facultative
1409511	Positive	Facultative
1409512	Positive	Anaerobic
1409513	Positive	Anaerobic
1409514	Positive	Anaerobic
1409515	Positive	Facultative
1409516	Positive	Anaerobic
1409517	Positive	Anaerobic
1409518	Positive	Anaerobic
1409519	Positive	Anaerobic
1409521	Positive	Anaerobic
1409522	Positive	Anaerobic
1409523	Positive	Anaerobic
1409524	Positive	Anaerobic
1409525	Positive	Anaerobic
1409526	Positive	Anaerobic
1409527	Positive	Anaerobic
1409528	Positive	Anaerobic
1409529	Positive	Anaerobic
1409530	Positive	Anaerobic
1409531	Positive	Anaerobic
1409532	Positive	Facultative
1409533	Positive	Anaerobic
1409534	Positive	Anaerobic
1409535	Positive	Anaerobic
1409536	Positive	Anaerobic
1409537	Positive	Anaerobic
1409538	Positive	Anaerobic
1409539	Positive	Anaerobic
1409540	Positive	Anaerobic
1409541	Positive	Anaerobic
1409542	Positive	Anaerobic
1409543	Positive	Anaerobic
1409544	Positive	Anaerobic
1409545	Positive	Anaerobic
1409546	Positive	Anaerobic
1409547	Positive	Anaerobic
1409548	Positive	Facultative
1409549	Positive	Anaerobic
1409550	Positive	Anaerobic
1409551	Positive	Anaerobic
1409552	Positive	Anaerobic
1409553	Positive	Anaerobic
1409554	Positive	Anaerobic
1409555	Positive	Anaerobic
1409556	Positive	Anaerobic
1409557	Positive	Anaerobic
1409558	Positive	Facultative
1409559	Positive	Anaerobic
1409560	Positive	Anaerobic
1409561	Positive	Anaerobic
1409562	Positive	Anaerobic
1409563	Positive	Anaerobic
1409564	Positive	Anaerobic
1409565	Positive	Anaerobic
1409566	Positive	Facultative
1409567	Positive	Anaerobic
1409568	Positive	Anaerobic
1409569	Positive	Facultative
1409570	Positive	Anaerobic
1409571	Positive	Anaerobic
1409572	Positive	Anaerobic
1409573	Positive	Anaerobic
1409574	Positive	Anaerobic
1409575	Positive	Anaerobic
1409576	Positive	Anaerobic
1409577	Positive	Anaerobic
1409578	Positive	Anaerobic
1409579	Positive	Anaerobic
1409580	Positive	Facultative
1409581	Positive	Anaerobic
1409582	Positive	Facultative
1409583	Positive	Facultative
1409584	Positive	Anaerobic
1409585	Positive	Anaerobic
1409586	Positive	Anaerobic
1409587	Positive	Anaerobic
1409588	Positive	Facultative
1409589	Positive	Anaerobic
1409590	Positive	Anaerobic
1409591	Positive	Anaerobic
1409592	Positive	Anaerobic
1409593	Positive	Anaerobic
1409594	Positive	Anaerobic
1409595	Positive	Anaerobic
1409596	Positive	Anaerobic
1409597	Positive	Anaerobic
1409598	Positive	Anaerobic
1409599	Positive	Facultative
1409600	Positive	Facultative
1409601	Positive	Facultative
1409602	Positive	Anaerobic
1409603	Positive	Anaerobic
1409604	Positive	Anaerobic
1409605	Positive	Anaerobic
1409606	Positive	Anaerobic
1409607	Positive	Anaerobic
1409608	Positive	Anaerobic
1409609	Positive	Anaerobic
1409610	Positive	Anaerobic
1409611	Positive	Anaerobic
1409612	Positive	Anaerobic
1409613	Positive	Anaerobic
1409614	Positive	Anaerobic
1409615	Positive	Anaerobic
1409616	Positive	Anaerobic
1409617	Positive	Anaerobic
1409618	Positive	Facultative
1409619	Positive	Anaerobic
1409620	Positive	Anaerobic
1409621	Positive	Anaerobic
1409622	Positive	Anaerobic
1409623	Positive	Anaerobic
1409624	Positive	Anaerobic
1409625	Positive	Anaerobic
1409626	Positive	Anaerobic
1409627	Positive	Anaerobic
1409628	Positive	Facultative
1409629	Positive	Anaerobic
1409630	Positive	Facultative
1409631	Positive	Anaerobic
1409632	Positive	Facultative
1409633	Positive	Anaerobic
1409634	Positive	Facultative
1409635	Positive	Anaerobic
1409636	Positive	Anaerobic
1409637	Positive	Anaerobic
1409638	Positive	Facultative
1409639	Positive	Anaerobic
1409640	Positive	Anaerobic
1409641	Positive	Facultative
1409642	Positive	Anaerobic
1409643	Positive	Anaerobic
1409644	Positive	Anaerobic
1409645	Positive	Anaerobic
1409646	Positive	Anaerobic
1409647	Positive	Anaerobic
1409648	Positive	Anaerobic
1409649	Positive	Anaerobic
1409650	Positive	Anaerobic
1409651	Positive	Anaerobic
1409652	Positive	Anaerobic
1409653	Positive	Facultative
1409654	Positive	Facultative
1409655	Positive	Anaerobic
1409656	Positive	Anaerobic
1409657	Positive	Facultative
1409658	Positive	Facultative
1409659	Positive	Anaerobic
1409660	Positive	Anaerobic
1409661	Positive	Anaerobic
1409662	Positive	Facultative
1409663	Positive	Anaerobic
1409664	Positive	Anaerobic
1409665	Positive	Anaerobic
1409666	Positive	Facultative
1409667	Positive	Facultative
1409668	Positive	Facultative
1409669	Positive	Facultative
1409670	Positive	Facultative
1409671	Positive	Anaerobic
1409672	Positive	Anaerobic
1409673	Positive	Anaerobic
1409674	Positive	Anaerobic
1409675	Positive	Facultative
1409676	Positive	Anaerobic
1409677	Positive	Anaerobic
1409678	Positive	Anaerobic
1409679	Positive	Anaerobic
1409680	Positive	Anaerobic
1409681	Positive	Anaerobic
1409682	Positive	Anaerobic
1409683	Positive	Anaerobic
1409684	Positive	Anaerobic
1409685	Positive	Anaerobic
1409686	Positive	Anaerobic
1409687	Positive	Anaerobic
1409688	Positive	Anaerobic
1409689	Positive	Anaerobic
1409690	Positive	Anaerobic
1409691	Positive	Facultative
1409692	Positive	Anaerobic
1409693	Positive	Anaerobic
1409694	Positive	Anaerobic
1409695	Positive	Anaerobic
1409696	Positive	Anaerobic
1409697	Positive	Anaerobic
1409698	Positive	Anaerobic
1409699	Positive	Anaerobic
1409700	Positive	Anaerobic
1409701	Positive	Anaerobic
1409702	Positive	Facultative
1409703	Positive	Anaerobic
1409704	Positive	Anaerobic
1409705	Positive	Anaerobic
1409706	Positive	Anaerobic
1409707	Positive	Anaerobic
1409708	Positive	Anaerobic
1409709	Positive	Anaerobic
1409710	Positive	Facultative
1409711	Positive	Facultative
1409712	Positive	Facultative
1409713	Positive	Anaerobic
1409714	Positive	Facultative
1409715	Positive	Facultative
1409716	Positive	Facultative
1409717	Positive	Anaerobic
1409718	Positive	Anaerobic
1409719	Positive	Anaerobic
1409720	Positive	Facultative
1409721	Positive	Anaerobic
1409722	Positive	Facultative
1409723	Positive	Anaerobic
1409724	Positive	Anaerobic
1409725	Positive	Facultative
1409726	Positive	Anaerobic
1409727	Positive	Facultative
1409728	Positive	Anaerobic
1409729	Positive	Facultative
1409730	Positive	Anaerobic
1409731	Positive	Anaerobic
1409732	Positive	Anaerobic
1409733	Positive	Anaerobic
1409734	Positive	Anaerobic
1409735	Positive	Anaerobic
1409736	Positive	Anaerobic
1409737	Positive	Anaerobic
1409738	Positive	Anaerobic
1409739	Positive	Anaerobic
1409740	Positive	Anaerobic
1409741	Positive	Anaerobic
1409742	Positive	Anaerobic
1409743	Positive	Anaerobic
1409744	Positive	Facultative
1409745	Positive	Facultative
1409746	Positive	Facultative
1409747	Positive	Facultative
1409748	Positive	Facultative
1409749	Positive	Facultative
1409750	Positive	Facultative
1409751	Positive	Facultative
1409752	Positive	Facultative
1409753	Positive	Facultative
1409754	Positive	Facultative
1409755	Positive	Facultative
1409756	Positive	Facultative
1409757	Positive	Facultative
1409758	Positive	Facultative
1409760	Positive	Facultative
1409761	Positive	Facultative
1409762	Positive	Facultative
1409763	Positive	Facultative
1409764	Positive	Facultative
1409765	Positive	Facultative
1409766	Positive	Facultative
1409767	Positive	Facultative
1409773	Positive	Anaerobic
1409774	Positive	Facultative
1409775	Positive	Anaerobic
1409776	Positive	Anaerobic
1409777	Positive	Anaerobic
1409778	Positive	Facultative
1409779	Positive	Facultative
1409780	Positive	Facultative
1409781	Positive	Anaerobic
1409782	Positive	Facultative
1409783	Positive	Anaerobic
1409784	Positive	Anaerobic
1409785	Positive	Anaerobic
1410684	Positive	Anaerobic
1410685	Positive	Anaerobic
1410686	Positive	Anaerobic
1410687	Positive	Anaerobic
1410688	Positive	Anaerobic
1410689	Positive	Anaerobic
1410690	Positive	Facultative
1410691	Positive	Facultative
1410692	Positive	Facultative
1410693	Positive	Facultative
1410694	Positive	Facultative
1410695	Positive	Anaerobic
1410696	Positive	Anaerobic
1410697	Positive	Anaerobic
1410699	Positive	Anaerobic
1410700	Positive	Anaerobic
1410702	Positive	Anaerobic
1410703	Positive	Facultative
1410704	Positive	Anaerobic
1410705	Positive	Anaerobic
1410706	Positive	Facultative
1410707	Positive	Facultative
1410708	Positive	Facultative
1410709	Positive	Anaerobic
1410710	Positive	Anaerobic
1410711	Positive	Anaerobic
1410712	Positive	Anaerobic
1410713	Positive	Anaerobic
1410714	Positive	Anaerobic
1410715	Positive	Anaerobic
1410717	Positive	Anaerobic
1410718	Positive	Anaerobic
1410719	Positive	Anaerobic
1410720	Positive	Anaerobic
1410721	Positive	Anaerobic
1410723	Positive	Facultative
1410724	Positive	Anaerobic
1410725	Positive	Facultative
1410726	Positive	Facultative
1410727	Positive	Facultative
1410728	Positive	Facultative
1410729	Positive	Facultative
1410730	Positive	Anaerobic
1410731	Positive	Facultative
1410732	Positive	Anaerobic
1410733	Positive	Anaerobic
1410734	Positive	Facultative
1410735	Positive	Facultative
1410736	Positive	Facultative
1410737	Positive	Anaerobic
1410738	Positive	Anaerobic
1410739	Positive	Anaerobic
1410740	Positive	Anaerobic
1410741	Positive	Anaerobic
1410742	Positive	Anaerobic
1410743	Positive	Anaerobic
1410744	Positive	Anaerobic
1410745	Positive	Facultative
1410746	Positive	Facultative
1410747	Positive	Facultative
1410748	Positive	Anaerobic
1410750	Positive	Anaerobic
1410751	Positive	Anaerobic
1410752	Positive	Anaerobic
1410753	Positive	Anaerobic
1410754	Positive	Anaerobic
1410755	Positive	Anaerobic
1410756	Positive	Anaerobic
1410757	Positive	Anaerobic
1410758	Positive	Anaerobic
1410759	Positive	Anaerobic
1410760	Positive	Anaerobic
1410761	Positive	Anaerobic
1410762	Positive	Anaerobic
1410763	Positive	Anaerobic
1410764	Positive	Anaerobic
1410765	Positive	Anaerobic
1410766	Positive	Anaerobic
1410767	Positive	Anaerobic
1410768	Positive	Anaerobic
1410769	Positive	Facultative
1410770	Positive	Anaerobic
1410771	Positive	Anaerobic
1410772	Positive	Anaerobic
1410773	Positive	Facultative
1410774	Positive	Anaerobic
1410775	Positive	Anaerobic
1410776	Positive	Facultative
1410777	Positive	Facultative
1410778	Positive	Anaerobic
1410779	Positive	Facultative
1410780	Positive	Facultative
1410781	Positive	Facultative
1410782	Positive	Anaerobic
1410783	Positive	Anaerobic
1410784	Positive	Anaerobic
1410785	Positive	Anaerobic
1410786	Positive	Anaerobic
1410787	Positive	Anaerobic
1410788	Positive	Anaerobic
1410789	Positive	Facultative
1410790	Positive	Facultative
1410791	Positive	Facultative
1410792	Positive	Anaerobic
1410793	Positive	Anaerobic
1410794	Positive	Facultative
1410795	Positive	Facultative
1410796	Positive	Facultative
1410797	Positive	Facultative
1410798	Positive	Anaerobic
1410799	Positive	Anaerobic
1410800	Positive	Anaerobic
1410801	Positive	Facultative
1410802	Positive	Facultative
1410803	Positive	Facultative
1410804	Positive	Facultative
1410805	Positive	Anaerobic
1410806	Positive	Anaerobic
1410807	Positive	Anaerobic
1410808	Positive	Anaerobic
1410809	Positive	Facultative
1410810	Positive	Facultative
1410811	Positive	Facultative
1410812	Positive	Facultative
1410813	Positive	Facultative
1410814	Positive	Anaerobic
1410815	Positive	Anaerobic
1410816	Positive	Anaerobic
1410817	Positive	Anaerobic
1410818	Positive	Anaerobic
1410819	Positive	Anaerobic
1410820	Positive	Facultative
1410821	Positive	Facultative
1410822	Positive	Facultative
1410823	Positive	Facultative
1410824	Positive	Anaerobic
1410825	Positive	Anaerobic
1410826	Positive	Anaerobic
1410827	Positive	Facultative
1410828	Positive	Anaerobic
1410829	Positive	Facultative
1410830	Positive	Anaerobic
1410831	Positive	Facultative
1410832	Positive	Facultative
1410833	Positive	Facultative
1410834	Positive	Facultative
1410835	Positive	Facultative
1410836	Positive	Anaerobic
1410837	Positive	Facultative
1410838	Positive	Facultative
1410839	Positive	Facultative
1410840	Positive	Facultative
1410841	Positive	Facultative
1410842	Positive	Facultative
1410843	Positive	Facultative
1410844	Positive	Anaerobic
1410845	Positive	Anaerobic
1410846	Positive	Anaerobic
1410847	Positive	Anaerobic
1410848	Positive	Facultative
1410849	Positive	Facultative
1410850	Positive	Facultative
1410851	Positive	Facultative
1410852	Positive	Facultative
1410853	Positive	Facultative
1410854	Positive	Anaerobic
1410855	Positive	Anaerobic
1410856	Positive	Facultative
1410857	Positive	Facultative
1410858	Positive	Anaerobic
1410860	Positive	Anaerobic
1410861	Positive	Anaerobic
1410862	Positive	Facultative
1410863	Positive	Facultative
1410865	Positive	Anaerobic
1410866	Positive	Anaerobic
1410867	Positive	Facultative
1410868	Positive	Facultative
1410869	Positive	Facultative
1410870	Positive	Anaerobic
1410871	Positive	Anaerobic
1410872	Positive	Anaerobic
1410873	Positive	Anaerobic
1410874	Positive	Facultative
1410875	Positive	Anaerobic
1410876	Positive	Anaerobic
1410877	Positive	Facultative
1410878	Positive	Facultative
1410879	Positive	Anaerobic
1410880	Positive	Anaerobic
1410881	Positive	Anaerobic
1410882	Positive	Anaerobic
1410883	Positive	Anaerobic
1410884	Positive	Anaerobic
1410885	Positive	Anaerobic
1410886	Positive	Facultative
1410887	Positive	Facultative
1410888	Positive	Anaerobic
1410889	Positive	Anaerobic
1410890	Positive	Anaerobic
1410891	Positive	Anaerobic
1410892	Positive	Anaerobic
1410893	Positive	Anaerobic
1410894	Positive	Anaerobic
1410895	Positive	Anaerobic
1410896	Positive	Anaerobic
1410897	Positive	Anaerobic
1410898	Positive	Facultative
1410899	Positive	Facultative
1410900	Positive	Facultative
1410901	Positive	Facultative
1410902	Positive	Facultative
1410903	Positive	Facultative
1410904	Positive	Facultative
1410905	Positive	Facultative
1410906	Positive	Facultative
1410907	Positive	Facultative
1410908	Positive	Anaerobic
1410909	Positive	Facultative
1410910	Positive	Facultative
1410911	Positive	Facultative
1410912	Positive	Anaerobic
1410913	Positive	Anaerobic
1410914	Positive	Anaerobic
1410915	Positive	Anaerobic
1411509	Positive	Facultative
1411510	Positive	Facultative
1411511	Positive	Facultative
1411512	Positive	Facultative
1411513	Positive	Facultative
1411514	Positive	Facultative
1411515	Positive	Facultative
1411516	Positive	Facultative
1411517	Positive	Facultative
1411518	Positive	Facultative
1411519	Positive	Facultative
1411520	Positive	Facultative
1411521	Positive	Facultative
1411522	Positive	Facultative
1411523	Positive	Facultative
1411524	Positive	Facultative
1411525	Positive	Facultative
1411526	Positive	Facultative
1411527	Positive	Facultative
1411528	Positive	Facultative
1411529	Positive	Facultative
1411530	Positive	Facultative
1411531	Positive	Facultative
1411532	Positive	Facultative
1411533	Positive	Facultative
1411534	Positive	Facultative
1411535	Positive	Facultative
1411536	Positive	Facultative
1411537	Positive	Facultative
1411538	Positive	Facultative
1411539	Positive	Facultative
1411540	Positive	Anaerobic
1411541	Positive	Anaerobic
1411542	Positive	Anaerobic
1411543	Positive	Anaerobic
1411544	Positive	Anaerobic
1411545	Positive	Anaerobic
1411546	Positive	Anaerobic
1411547	Positive	Anaerobic
1411548	Positive	Anaerobic
1411549	Positive	Anaerobic
1411550	Positive	Anaerobic
1411551	Positive	Anaerobic
1411552	Positive	Anaerobic
1411553	Positive	Anaerobic
1411554	Positive	Anaerobic
1411555	Positive	Anaerobic
1411556	Positive	Anaerobic
1411557	Positive	Anaerobic
1411558	Positive	Anaerobic
1411559	Positive	Anaerobic
1411560	Positive	Anaerobic
1411561	Positive	Anaerobic
1411562	Positive	Anaerobic
1411563	Positive	Anaerobic
1411564	Positive	Anaerobic
1411565	Positive	Anaerobic
1411566	Positive	Anaerobic
1411567	Positive	Anaerobic
1411568	Positive	Anaerobic
1411569	Positive	Anaerobic
1411570	Positive	Anaerobic
1411571	Positive	Anaerobic
1411572	Positive	Anaerobic
1411573	Positive	Anaerobic
1411574	Positive	Anaerobic
1411575	Positive	Anaerobic
1411576	Positive	Anaerobic
1411577	Positive	Anaerobic
1411578	Positive	Anaerobic
1411579	Positive	Anaerobic
1411580	Positive	Anaerobic
1411581	Positive	Anaerobic
1411582	Positive	Anaerobic
1411583	Positive	Anaerobic
1411584	Positive	Anaerobic
1411585	Positive	Anaerobic
1411586	Positive	Anaerobic
1411587	Positive	Anaerobic
1411588	Positive	Anaerobic
1411589	Positive	Anaerobic
1411590	Positive	Anaerobic
1411591	Positive	Anaerobic
1411592	Positive	Anaerobic
1411593	Positive	Anaerobic
1411594	Positive	Anaerobic
1411595	Positive	Anaerobic
1411596	Positive	Anaerobic
1411598	Positive	Anaerobic
1411599	Positive	Anaerobic
1411600	Positive	Anaerobic
1411601	Positive	Anaerobic
1411602	Positive	Anaerobic
1411603	Positive	Anaerobic
1412621	Positive	Facultative
1412622	Positive	Facultative
1412623	Positive	Facultative
1412624	Positive	Facultative
1412625	Positive	Facultative
1412626	Positive	Facultative
1412627	Positive	Facultative
1412628	Positive	Facultative
1412629	Positive	Facultative
1412630	Positive	Facultative
1412631	Positive	Facultative
1412632	Positive	Facultative
1412633	Positive	Facultative
1412634	Positive	Facultative
1412635	Positive	Facultative
1412636	Positive	Facultative
1412637	Positive	Facultative
1412638	Positive	Facultative
1412639	Positive	Facultative
1412640	Positive	Facultative
1412641	Positive	Facultative
1412642	Positive	Facultative
1412643	Positive	Facultative
1412644	Positive	Facultative
1412645	Positive	Facultative
1412646	Positive	Facultative
1412647	Positive	Facultative
1412648	Positive	Facultative
1412649	Positive	Facultative
1412650	Positive	Facultative
1412651	Positive	Facultative
1412652	Positive	Facultative
1412653	Positive	Facultative
1412654	Positive	Facultative
1412655	Positive	Facultative
1412656	Positive	Facultative
1412657	Positive	Facultative
1412658	Positive	Facultative
1412659	Positive	Facultative
1412660	Positive	Facultative
1412661	Positive	Anaerobic
1412662	Positive	Anaerobic
1412663	Positive	Anaerobic
1412664	Positive	Anaerobic
1412665	Positive	Anaerobic
1412666	Positive	Anaerobic
1412667	Positive	Anaerobic
1412668	Positive	Anaerobic
1412669	Positive	Anaerobic
1412670	Positive	Anaerobic
1412671	Positive	Anaerobic
1412672	Positive	Anaerobic
1412673	Positive	Anaerobic
1412674	Positive	Anaerobic
1412675	Positive	Anaerobic
1412676	Positive	Anaerobic
1412677	Positive	Anaerobic
1412678	Positive	Anaerobic
1412679	Positive	Anaerobic
1412680	Positive	Anaerobic
1412681	Positive	Anaerobic
1412682	Positive	Anaerobic
1412683	Positive	Anaerobic
1412684	Positive	Anaerobic
1412685	Positive	Anaerobic
1412686	Positive	Anaerobic
1412687	Positive	Anaerobic
1412688	Positive	Anaerobic
1412689	Positive	Anaerobic
1412690	Positive	Anaerobic
1412691	Positive	Anaerobic
1412692	Positive	Anaerobic
1412693	Positive	Anaerobic
1412694	Positive	Anaerobic
1412695	Positive	Anaerobic
1412696	Positive	Anaerobic
1412697	Positive	Anaerobic
1412698	Positive	Anaerobic
1412699	Positive	Anaerobic
1412700	Positive	Anaerobic
1412701	Positive	Anaerobic
1412702	Positive	Anaerobic
1412703	Positive	Anaerobic
1412705	Positive	Anaerobic
1412711	Positive	Anaerobic
1412713	Positive	Anaerobic
1412714	Positive	Anaerobic
1412715	Positive	Anaerobic
1412716	Positive	Anaerobic
1412717	Positive	Facultative
1412718	Positive	Facultative
1412719	Positive	Facultative
1412720	Positive	Facultative
1412721	Positive	Facultative
1412722	Positive	Facultative
1412723	Positive	Facultative
1412724	Positive	Facultative
1412725	Positive	Facultative
1412726	Positive	Facultative
1412727	Positive	Facultative
1412728	Positive	Facultative
1412729	Positive	Facultative
1412730	Positive	Facultative
1412731	Positive	Facultative
1412732	Positive	Facultative
1412733	Positive	Facultative
1412734	Positive	Facultative
1412735	Positive	Facultative
1412736	Positive	Facultative
1412737	Positive	Facultative
1412738	Positive	Facultative
1412739	Positive	Facultative
1412740	Positive	Facultative
1412741	Positive	Facultative
1412742	Positive	Facultative
1412743	Positive	Facultative
1412744	Positive	Facultative
1412745	Positive	Facultative
1412746	Positive	Anaerobic
1412747	Positive	Anaerobic
1412748	Positive	Anaerobic
1412749	Positive	Anaerobic
1412750	Positive	Anaerobic
1412751	Positive	Anaerobic
1412752	Positive	Anaerobic
1412753	Positive	Anaerobic
1412754	Positive	Anaerobic
1412755	Positive	Anaerobic
1412756	Positive	Anaerobic
1412757	Positive	Anaerobic
1412758	Positive	Anaerobic
1412759	Positive	Anaerobic
1412760	Positive	Anaerobic
1412761	Positive	Anaerobic
1412762	Positive	Anaerobic
1412763	Positive	Anaerobic
1412764	Positive	Anaerobic
1412765	Positive	Anaerobic
1412766	Positive	Anaerobic
1412767	Positive	Anaerobic
1412768	Positive	Anaerobic
1412769	Positive	Anaerobic
1412770	Positive	Anaerobic
1412771	Positive	Anaerobic
1412772	Positive	Anaerobic
1412773	Positive	Anaerobic
1412774	Positive	Anaerobic
1412775	Positive	Anaerobic
1412777	Positive	Anaerobic
1412778	Positive	Anaerobic
1412779	Positive	Anaerobic
1412780	Positive	Anaerobic
1412781	Positive	Anaerobic
1412782	Positive	Anaerobic
1412783	Positive	Anaerobic
1412784	Positive	Anaerobic
1412785	Positive	Anaerobic
1412786	Positive	Anaerobic
1412787	Positive	Anaerobic
1412788	Positive	Anaerobic
1412789	Positive	Anaerobic
1412790	Positive	Anaerobic
1412791	Positive	Anaerobic
1412792	Positive	Anaerobic
1412793	Positive	Anaerobic
1412794	Positive	Anaerobic
1412795	Positive	Anaerobic
1412796	Positive	Anaerobic
1412797	Positive	Anaerobic
1412798	Positive	Anaerobic
1412799	Positive	Anaerobic
1412800	Positive	Anaerobic
1412801	Positive	Anaerobic
1412802	Positive	Anaerobic
1412803	Positive	Anaerobic
1412804	Positive	Anaerobic
1412805	Positive	Anaerobic
1412806	Positive	Anaerobic
1412807	Positive	Anaerobic
1412809	Positive	Anaerobic
1412810	Positive	Anaerobic
1412811	Positive	Anaerobic
1412812	Positive	Anaerobic
1414851	Negative	Aerobic
1417032	Positive	Facultative
1417033	Positive	Anaerobic
1417034	Positive	Facultative
1417035	Positive	Facultative
1417036	Positive	Anaerobic
1417038	Positive	Anaerobic
1417039	Positive	Facultative
1417040	Positive	Facultative
1417041	Positive	Facultative
1417042	Positive	Facultative
1417043	Positive	Anaerobic
1417044	Positive	Anaerobic
1417045	Positive	Anaerobic
1417046	Positive	Anaerobic
1417047	Positive	Anaerobic
1417048	Positive	Anaerobic
1417049	Positive	Anaerobic
1417052	Positive	Anaerobic
1417053	Positive	Facultative
1417054	Positive	Facultative
1417055	Positive	Facultative
1417056	Positive	Facultative
1417057	Positive	Facultative
1417058	Positive	Facultative
1417059	Positive	Facultative
1417063	Positive	Anaerobic
1417064	Positive	Anaerobic
1417065	Positive	Anaerobic
1417066	Positive	Anaerobic
1417067	Positive	Anaerobic
1417068	Positive	Facultative
1417069	Positive	Facultative
1417070	Positive	Facultative
1417071	Positive	Anaerobic
1417072	Positive	Anaerobic
1417073	Positive	Anaerobic
1417075	Positive	Anaerobic
1417076	Positive	Anaerobic
1417077	Positive	Anaerobic
1417078	Positive	Anaerobic
1417079	Positive	Facultative
1417080	Positive	Facultative
1417081	Positive	Facultative
1417082	Positive	Facultative
1417083	Positive	Anaerobic
1417084	Positive	Anaerobic
1417085	Positive	Facultative
1417086	Positive	Anaerobic
1417087	Positive	Anaerobic
1417088	Positive	Anaerobic
1417089	Positive	Anaerobic
1417090	Positive	Anaerobic
1417091	Positive	Anaerobic
1417092	Positive	Facultative
1417093	Positive	Facultative
1417094	Positive	Facultative
1417095	Positive	Facultative
1417096	Positive	Facultative
1417097	Positive	Anaerobic
1417098	Positive	Anaerobic
1417099	Positive	Anaerobic
1417100	Positive	Anaerobic
1417101	Positive	Facultative
1417102	Positive	Facultative
1417103	Positive	Facultative
1417104	Positive	Anaerobic
1417105	Positive	Anaerobic
1417106	Positive	Anaerobic
1417107	Positive	Anaerobic
1417108	Positive	Anaerobic
1417109	Positive	Facultative
1417110	Positive	Anaerobic
1417111	Positive	Anaerobic
1417112	Positive	Anaerobic
1417113	Positive	Facultative
1417114	Positive	Anaerobic
1417115	Positive	Facultative
1417116	Positive	Facultative
1417117	Positive	Facultative
1417118	Positive	Facultative
1417119	Positive	Facultative
1417120	Positive	Anaerobic
1417121	Positive	Anaerobic
1417122	Positive	Anaerobic
1417124	Positive	Anaerobic
1417125	Positive	Anaerobic
1417126	Positive	Facultative
1417127	Positive	Facultative
1417197	Positive	Anaerobic
1417198	Positive	Anaerobic
1421829	Positive	Facultative
1421830	Positive	Facultative
1421831	Positive	Facultative
1421832	Positive	Facultative
1421833	Positive	Facultative
1421834	Positive	Facultative
1421835	Positive	Facultative
1421836	Positive	Facultative
1421837	Positive	Facultative
1421838	Positive	Facultative
1421839	Positive	Facultative
1421841	Positive	Facultative
1421842	Positive	Facultative
1421843	Positive	Facultative
1421846	Positive	Facultative
1421847	Positive	Facultative
1421848	Positive	Facultative
1421849	Positive	Facultative
1421851	Positive	Facultative
1421853	Positive	Facultative
1421854	Positive	Anaerobic
1421855	Positive	Anaerobic
1421856	Positive	Anaerobic
1421857	Positive	Anaerobic
1421858	Positive	Anaerobic
1421859	Positive	Anaerobic
1421860	Positive	Anaerobic
1421861	Positive	Anaerobic
1421862	Positive	Anaerobic
1421863	Positive	Anaerobic
1421864	Positive	Anaerobic
1421865	Positive	Anaerobic
1421866	Positive	Anaerobic
1421867	Positive	Anaerobic
1421869	Positive	Anaerobic
1421870	Positive	Anaerobic
1421871	Positive	Anaerobic
1421872	Positive	Anaerobic
1421873	Positive	Anaerobic
1421874	Positive	Anaerobic
1421875	Positive	Anaerobic
1421876	Positive	Anaerobic
1421877	Positive	Anaerobic
1421878	Positive	Anaerobic
1421879	Positive	Anaerobic
1421880	Positive	Anaerobic
1421881	Positive	Anaerobic
1421882	Positive	Anaerobic
1421883	Positive	Anaerobic
1421884	Positive	Anaerobic
1421885	Positive	Anaerobic
1421886	Positive	Anaerobic
1421887	Positive	Anaerobic
1421888	Positive	Anaerobic
1421889	Positive	Anaerobic
1421890	Positive	Anaerobic
1421892	Positive	Anaerobic
1421893	Positive	Anaerobic
1421894	Positive	Anaerobic
1421897	Positive	Anaerobic
1421898	Positive	Anaerobic
1421899	Positive	Anaerobic
1421900	Positive	Anaerobic
1421901	Positive	Anaerobic
1421902	Positive	Anaerobic
1421903	Positive	Anaerobic
1421904	Positive	Anaerobic
1421905	Positive	Anaerobic
1421906	Positive	Anaerobic
1421907	Positive	Anaerobic
1421909	Positive	Anaerobic
1421910	Positive	Anaerobic
1421911	Positive	Anaerobic
1421914	Positive	Anaerobic
1421915	Positive	Anaerobic
1421916	Positive	Anaerobic
1422114	Positive	Facultative
1422115	Positive	Facultative
1422116	Positive	Facultative
1422117	Positive	Facultative
1422118	Positive	Facultative
1422119	Positive	Facultative
1422311	Positive	Facultative
1422312	Positive	Facultative
1422313	Positive	Facultative
1422314	Positive	Facultative
1422315	Positive	Facultative
1422316	Positive	Facultative
1422317	Positive	Facultative
1422318	Positive	Facultative
1422319	Positive	Facultative
1422320	Positive	Facultative
1422321	Positive	Facultative
1422322	Positive	Facultative
1422323	Positive	Facultative
1422324	Positive	Facultative
1422325	Positive	Facultative
1422326	Positive	Facultative
1422327	Positive	Facultative
1422328	Positive	Facultative
1422329	Positive	Facultative
1422330	Positive	Facultative
1422331	Positive	Facultative
1422332	Positive	Facultative
1422333	Positive	Facultative
1422334	Positive	Facultative
1422335	Positive	Facultative
1422336	Positive	Facultative
1422337	Positive	Facultative
1422338	Positive	Facultative
1422339	Positive	Facultative
1422340	Positive	Facultative
1422341	Positive	Facultative
1422342	Positive	Facultative
1422343	Positive	Facultative
1422344	Positive	Facultative
1422345	Positive	Facultative
1422346	Positive	Facultative
1422347	Positive	Facultative
1422348	Positive	Facultative
1422349	Positive	Facultative
1422350	Positive	Facultative
1422351	Positive	Facultative
1422352	Positive	Facultative
1422353	Positive	Facultative
1422354	Positive	Facultative
1422355	Positive	Facultative
1422357	Positive	Facultative
1422358	Positive	Facultative
1422359	Positive	Facultative
1422360	Positive	Facultative
1422361	Positive	Facultative
1422362	Positive	Facultative
1422363	Positive	Facultative
1422364	Positive	Facultative
1422365	Positive	Facultative
1422366	Positive	Facultative
1422367	Positive	Facultative
1422368	Positive	Facultative
1422369	Positive	Facultative
1422370	Positive	Facultative
1422371	Positive	Facultative
1422372	Positive	Facultative
1422373	Positive	Facultative
1422374	Positive	Facultative
1422375	Positive	Facultative
1422376	Positive	Facultative
1422377	Positive	Facultative
1422378	Positive	Facultative
1422379	Positive	Facultative
1422380	Positive	Facultative
1422381	Positive	Facultative
1422382	Positive	Facultative
1422383	Positive	Facultative
1422384	Positive	Facultative
1422385	Positive	Facultative
1422386	Positive	Facultative
1422387	Positive	Facultative
1422388	Positive	Facultative
1422389	Positive	Facultative
1429874	Positive	Aerobic
1434267	Negative	Aerobic
1441925	Positive	Aerobic
1441926	Positive	Aerobic
1441927	Positive	Aerobic
1451189	Positive	Facultative
1455315	Negative	Aerobic
1459804	Positive	Anaerobic
1460385	Positive	Anaerobic
1484479	Positive	Facultative
1495853	Negative	Facultative
1583100	Negative	Facultative
1637974	Positive	Aerobic
